id,found,center_x,center_y,radius,rms,center_error_px,method,block,time_ms
001,1,1090.08,1192.56,138.708,0.325095,4.64851,algebraic,NONE,10.3932
002,1,296.733,763.278,137.325,0.465696,6.40454,algebraic,VERTICAL_WIRE,5.54589
003,1,3576.85,667.036,135.032,1.22086,1.34157,algebraic,ELLIPSE,4.58858
004,1,514.009,1310.86,133.018,7.30038,3.01218,ransac,VERTICAL_WIRE,4.0446
005,1,1721.08,1736.56,138.708,0.325095,4.64851,algebraic,ELLIPSE,3.86234
006,1,1791.9,934.765,136.918,0.30104,6.85336,algebraic,VERTICAL_WIRE,4.13838
007,1,831.061,1041.92,137.287,1.11568,6.23298,algebraic,VERTICAL_WIRE,3.72013
008,1,1711.08,505.556,138.708,0.325095,4.64854,algebraic,NONE,4.08826
009,1,2027.48,1855.55,137.493,0.947877,5.19926,algebraic,SQUARE,3.95294
010,1,3244.08,949.556,138.708,0.325095,4.64849,algebraic,SQUARE,3.8262
011,1,232.786,1693.79,137.002,0.744139,6.89875,algebraic,ELLIPSE,3.72446
012,0,-1,-1,-1,-1,-1,none,CIRCLE,3.92049
013,1,186.319,1403.93,136.325,1.3898,5.38181,algebraic,VERTICAL_WIRE,3.69149
014,1,3521.08,813.556,138.708,0.325095,4.64849,algebraic,NONE,3.85591
015,1,3564.08,1532.56,138.708,0.325095,4.64849,algebraic,SQUARE,3.85432
016,1,3095.08,1979.56,138.708,0.325095,4.64849,algebraic,ELLIPSE,3.47027
017,1,488.631,1281.52,138.333,1.17973,4.5343,algebraic,SQUARE,3.52115
018,1,1181.08,797.556,138.708,0.325095,4.64851,algebraic,CIRCLE,3.53283
019,0,-1,-1,-1,-1,-1,none,ELLIPSE,3.59518
020,0,-1,-1,-1,-1,-1,none,ELLIPSE,3.92979
021,1,1306.88,1758.64,138.584,0.527793,4.77445,algebraic,ELLIPSE,4.40355
022,1,3591.31,506.001,136.676,0.362713,7.03555,algebraic,ELLIPSE,3.84247
023,1,1557.21,1780.91,135.962,0.568871,7.95218,algebraic,ELLIPSE,3.46537
024,1,381.357,1615.85,135.153,0.80823,8.87075,algebraic,ELLIPSE,4.29257
025,1,2659.08,1247.56,138.708,0.325095,4.64849,algebraic,SQUARE,4.05452
026,1,2486.08,1811.56,138.708,0.325095,4.64849,algebraic,SQUARE,3.62987
027,1,1005.08,660.556,138.708,0.325095,4.64851,algebraic,SQUARE,3.59028
028,1,1934.06,606.395,141.102,17.0184,2.39253,ransac,VERTICAL_WIRE,3.51328
029,1,1956.08,1614.56,138.708,0.325095,4.64851,algebraic,NONE,3.87814
030,1,2462.22,604.435,137.964,0.532871,4.78015,algebraic,ELLIPSE,4.21725
031,1,2314.08,326.556,138.708,0.325095,4.64852,algebraic,CIRCLE,3.98464
032,1,2372.56,715.882,138.162,0.602646,4.90154,algebraic,ELLIPSE,3.79795
033,1,1421.08,582.556,138.708,0.325095,4.64851,algebraic,NONE,4.25079
034,1,872.045,270.924,137.023,0.77388,5.74286,algebraic,VERTICAL_WIRE,4.57295
035,1,2867.08,441.556,138.708,0.325095,4.64852,algebraic,NONE,4.12043
036,1,1196.08,409.556,138.708,0.325095,4.64854,algebraic,NONE,3.86441
037,1,1853.08,779.556,138.708,0.325095,4.64851,algebraic,SQUARE,4.04248
038,1,3058.08,520.556,138.708,0.325095,4.64849,algebraic,SQUARE,3.77096
039,1,448.088,676.334,137.16,1.29616,4.46864,algebraic,ELLIPSE,3.7603
040,1,1388.46,1370.87,135.34,1.31863,3.78273,algebraic,VERTICAL_WIRE,3.99509
041,1,1349.61,1508.99,130.145,0.227621,12.2946,algebraic,ELLIPSE,3.78983
042,1,758.225,493.631,137.307,1.10354,5.39904,algebraic,VERTICAL_WIRE,4.15428
043,0,-1,-1,-1,-1,-1,none,CIRCLE,3.99943
044,1,868.708,229.746,138.269,0.968767,4.75547,algebraic,SQUARE,4.34812
045,1,1765.08,1683.56,138.708,0.325095,4.64851,algebraic,NONE,3.80396
046,1,1594.17,1174.58,138.035,0.78023,4.92954,algebraic,SQUARE,4.57951
047,1,1091.05,261.484,137.885,0.751892,4.8892,algebraic,ELLIPSE,3.69448
048,1,2537.94,288.507,137.981,0.44941,4.50737,algebraic,CIRCLE,4.61409
049,1,1174.08,1807.56,138.708,0.325095,4.64851,algebraic,CIRCLE,4.03774
050,1,3527.08,1363.56,138.708,0.325095,4.64849,algebraic,CIRCLE,3.62239
051,1,2116.22,1454.8,137.715,0.664767,4.80737,algebraic,ELLIPSE,3.55664
052,0,-1,-1,-1,-1,-1,none,ELLIPSE,3.43475
053,1,3120.64,1070.69,138.577,2.09597,4.70176,ransac,ELLIPSE,3.91236
054,1,1532.08,266.556,138.708,0.325095,4.64854,algebraic,SQUARE,4.63461
055,1,2625.08,1518.56,138.708,0.325095,4.64849,algebraic,NONE,3.58589
056,1,2356.08,919.556,138.708,0.325095,4.64849,algebraic,NONE,3.46518
057,1,1154.6,1911.43,138.313,0.556475,4.44456,algebraic,ELLIPSE,4.14523
058,1,2271.08,1487.56,138.708,0.325095,4.64849,algebraic,SQUARE,3.58442
059,1,3047.08,1728.56,138.708,0.325095,4.64849,algebraic,NONE,3.73669
060,1,781.806,1478.46,137.737,0.80236,4.97345,algebraic,ELLIPSE,5.29765
061,1,2469.08,655.556,138.708,0.325095,4.64849,algebraic,NONE,3.90696
062,1,2334.08,1829.56,138.708,0.325095,4.64849,algebraic,NONE,4.53966
063,0,-1,-1,-1,-1,-1,none,ELLIPSE,3.57541
064,1,301.076,466.556,138.708,0.325095,4.64854,algebraic,NONE,4.28588
065,1,3043.08,944.556,138.708,0.325095,4.64849,algebraic,CIRCLE,4.3396
066,1,736.91,252.435,138.099,0.753931,4.43579,algebraic,VERTICAL_WIRE,3.68555
067,0,-1,-1,-1,-1,-1,none,ELLIPSE,3.89416
068,1,1684.08,1524.56,138.708,0.325095,4.64851,algebraic,NONE,3.77511
069,1,1923.32,858.286,137.415,1.10758,5.29548,algebraic,VERTICAL_WIRE,3.9611
070,1,1071.08,1446.56,138.708,0.325095,4.64851,algebraic,NONE,4.18481
071,1,2035.79,1122.81,134.385,0.746449,8.84649,algebraic,SQUARE,3.49462
072,1,3211.72,1956.4,138.212,0.614077,4.40442,algebraic,CIRCLE,3.59079
073,1,2687.08,1077.56,138.708,0.325095,4.64849,algebraic,NONE,3.45309
074,0,-1,-1,-1,-1,-1,none,ELLIPSE,3.54202
075,1,2757.46,1328.46,136.599,9.11456,7.61435,ransac,ELLIPSE,3.79826
076,1,963.921,1685.73,137.965,0.519854,4.72588,algebraic,ELLIPSE,4.38705
077,1,802.076,1361.56,138.708,0.325095,4.64851,algebraic,SQUARE,3.54682
078,1,1043.06,218.604,138.687,0.343252,4.69954,algebraic,CIRCLE,3.81692
079,1,274.076,1177.56,138.708,0.325095,4.64851,algebraic,NONE,4.15649
080,1,2375.2,600.081,137.015,0.759966,4.94938,algebraic,VERTICAL_WIRE,4.28256
081,0,-1,-1,-1,-1,-1,none,CIRCLE,3.61793
082,1,1821.32,1514.26,137.985,0.392407,5.30924,algebraic,ELLIPSE,3.475
083,1,2604.08,1238.56,138.708,0.325095,4.64849,algebraic,SQUARE,3.83073
084,1,926.076,529.556,138.708,0.325095,4.64851,algebraic,NONE,3.93394
085,1,1227.74,1188.82,136.953,0.967844,6.93123,algebraic,ELLIPSE,3.87018
086,1,303.721,1548.29,134.413,0.598023,6.46993,algebraic,VERTICAL_WIRE,4.03992
087,1,603.069,1436.61,137.181,1.22423,5.45848,algebraic,VERTICAL_WIRE,4.32145
088,1,2393.08,1944.56,138.708,0.325095,4.64849,algebraic,NONE,4.89886
089,1,2425.47,215.559,137.538,0.89624,4.58367,algebraic,VERTICAL_WIRE,3.56734
090,1,1232.08,521.556,138.708,0.325095,4.64851,algebraic,CIRCLE,5.08207
091,1,1311.81,642.723,136.206,1.09646,6.31634,algebraic,ELLIPSE,3.72099
092,1,2544.08,1530.56,138.708,0.325095,4.64849,algebraic,NONE,4.01551
093,1,332.076,635.556,138.708,0.325095,4.64851,algebraic,SQUARE,4.0906
094,1,1246.08,223.556,138.708,0.325095,4.64854,algebraic,NONE,3.63946
095,1,3408.41,1166.59,138.458,0.481355,4.6258,algebraic,ELLIPSE,3.97408
096,1,1352.08,1688.56,138.708,0.325095,4.64851,algebraic,SQUARE,4.08909
097,1,1034.08,1188.56,138.708,0.325095,4.64851,algebraic,NONE,3.95807
098,1,342.523,582.862,137.472,0.868271,4.89021,algebraic,VERTICAL_WIRE,3.84046
099,0,-1,-1,-1,-1,-1,none,CIRCLE,4.10444
100,1,2814.2,1558.32,135.549,0.330603,8.35622,algebraic,VERTICAL_WIRE,3.87042
101,1,2477.08,1933.56,138.708,0.325095,4.64849,algebraic,NONE,3.60675
102,1,3269.77,803.496,138.106,0.415505,4.5016,algebraic,ELLIPSE,3.86216
103,1,3578.11,640.509,136.077,1.07601,7.74273,algebraic,VERTICAL_WIRE,3.83984
104,1,2597.08,963.556,138.708,0.325095,4.64849,algebraic,SQUARE,3.65955
105,1,3200.08,561.556,138.708,0.325095,4.64849,algebraic,NONE,3.5653
106,1,2000.8,866.497,138.17,0.653935,4.50084,algebraic,SQUARE,3.80798
107,1,3348.85,725.261,135.324,0.596189,5.12653,algebraic,ELLIPSE,4.20629
108,1,580.076,1764.56,138.708,0.325095,4.64851,algebraic,NONE,3.72709
109,1,2948.08,852.556,138.708,0.325095,4.64849,algebraic,NONE,4.32427
110,1,1642.08,595.556,138.708,0.325095,4.64851,algebraic,CIRCLE,3.49043
111,1,1754.99,529.248,134.603,1.22925,9.46314,algebraic,VERTICAL_WIRE,3.99106
112,1,1469.54,556.802,138.376,0.727154,4.82484,algebraic,SQUARE,4.34183
113,1,1362.08,1097.56,138.708,0.325095,4.64851,algebraic,SQUARE,3.72539
114,1,3118.08,296.556,138.708,0.325095,4.64852,algebraic,ELLIPSE,3.47604
115,0,-1,-1,-1,-1,-1,none,CIRCLE,3.94558
116,1,2332.08,1691.56,138.708,0.325095,4.64849,algebraic,SQUARE,3.60761
117,1,1164.17,642.765,133.022,0.894817,10.4883,algebraic,ELLIPSE,3.4512
118,1,2758.54,579.845,138.178,0.449314,4.86752,algebraic,VERTICAL_WIRE,3.83128
119,1,2479.55,226.628,138.379,0.974406,4.84866,algebraic,SQUARE,3.58173
120,1,694.076,1151.56,138.708,0.325095,4.64851,algebraic,ELLIPSE,4.11981
121,1,1129.08,269.556,138.708,0.325095,4.64854,algebraic,NONE,3.84546
122,1,2788.18,1684.49,138.013,0.618491,4.84261,algebraic,CIRCLE,3.76808
123,1,2542.52,1469.54,137.554,1.19651,5.17012,algebraic,VERTICAL_WIRE,3.63414
124,1,2572.75,1315.31,132.902,0.937032,1.85272,algebraic,VERTICAL_WIRE,4.16085
125,0,-1,-1,-1,-1,-1,none,CIRCLE,4.14782
126,1,505.076,459.556,138.708,0.325095,4.64854,algebraic,CIRCLE,3.64164
127,1,637.291,1539.51,137.17,0.46334,5.26345,algebraic,VERTICAL_WIRE,4.54035
128,1,2555.84,737.83,138.858,12.0961,4.96726,ransac,SQUARE,3.53669
129,0,-1,-1,-1,-1,-1,none,CIRCLE,4.02272
130,1,2232.43,1547.13,138.046,1.42994,4.42265,algebraic,VERTICAL_WIRE,3.81678
131,1,2755.81,1145.48,138.566,0.654969,4.63568,algebraic,SQUARE,3.47065
132,1,1657.51,581.434,138.36,0.452945,4.46086,algebraic,ELLIPSE,3.56772
133,1,2125.84,556.148,131.61,1.58369,3.85593,algebraic,VERTICAL_WIRE,4.64497
134,1,1594.53,496.543,138.287,0.503885,4.77499,algebraic,SQUARE,4.23154
135,1,2966.08,335.556,138.708,0.325095,4.64852,algebraic,NONE,3.76267
136,1,1378.08,1853.56,138.708,0.325095,4.64851,algebraic,NONE,3.58623
137,1,523.125,1635.74,136.981,0.323508,5.54527,algebraic,CIRCLE,4.12339
138,1,3294.32,431.661,138.851,0.305334,4.71017,algebraic,VERTICAL_WIRE,4.06896
139,1,3656.53,1277.84,136.199,1.44685,7.97353,algebraic,VERTICAL_WIRE,4.27551
140,1,617.623,1286.57,135.577,1.06541,7.59076,algebraic,VERTICAL_WIRE,4.01931
141,1,1580.08,1142.56,138.708,0.325095,4.64851,algebraic,SQUARE,3.56984
142,1,979.512,1583.99,137.609,3.12882,5.57308,ransac,VERTICAL_WIRE,3.72987
143,1,2614.06,276.848,136.8,1.01854,4.84275,algebraic,VERTICAL_WIRE,3.78909
144,1,2542.24,1148.11,137.697,0.871529,4.12168,algebraic,ELLIPSE,3.84095
145,1,3017.75,854.106,138.735,18.9512,5.25674,ransac,VERTICAL_WIRE,4.09335
146,1,2148.08,871.556,138.708,0.325095,4.64849,algebraic,NONE,2.38009
147,1,1015.08,1050.56,138.708,0.325095,4.64851,algebraic,CIRCLE,2.48521
148,1,2519.08,1781.56,138.708,0.325095,4.64849,algebraic,CIRCLE,2.46429
149,1,2705.68,353.11,136.864,1.95351,3.18483,algebraic,VERTICAL_WIRE,2.61257
150,1,2566.57,1188.69,137.511,0.776583,4.72748,algebraic,VERTICAL_WIRE,2.44785
151,1,1612.08,1011.56,138.708,0.325095,4.64851,algebraic,NONE,2.30033
152,1,1055.24,1172.67,136.851,1.13355,4.59448,algebraic,VERTICAL_WIRE,3.12613
153,1,2580.08,1823.56,138.708,0.325095,4.64849,algebraic,CIRCLE,2.59591
154,1,1547.72,643.951,137.579,0.898506,5.4512,algebraic,VERTICAL_WIRE,2.32533
155,1,1759.01,1666.29,137.206,0.876491,4.40801,algebraic,ELLIPSE,2.63815
156,1,2215.08,1515.56,138.708,0.325095,4.64849,algebraic,NONE,2.69849
157,1,1415.08,906.556,138.708,0.325095,4.64851,algebraic,NONE,2.46056
158,1,413.414,231.138,138.991,3.59978,4.06609,ransac,ELLIPSE,2.85903
159,1,273.076,603.556,138.708,0.325095,4.64851,algebraic,NONE,2.26227
160,1,1342.08,672.556,138.708,0.325095,4.64851,algebraic,NONE,2.70918
161,1,2924,257.828,135.774,1.30905,7.06904,algebraic,VERTICAL_WIRE,2.51427
162,1,2638.74,311.767,138.504,0.909844,4.92988,algebraic,SQUARE,3.15873
163,1,2003.52,1450.67,138.203,0.33828,4.89406,algebraic,VERTICAL_WIRE,2.65882
164,1,2025.66,1835.45,138.489,0.831511,4.65109,algebraic,SQUARE,3.3743
165,1,1978.08,1427.56,138.708,0.325095,4.64851,algebraic,SQUARE,2.60256
166,1,1392.18,269.721,137.709,2.62242,4.7247,ransac,VERTICAL_WIRE,3.55543
167,1,1868.33,438.638,138.046,0.334805,4.92924,algebraic,CIRCLE,2.493
168,0,-1,-1,-1,-1,-1,none,ELLIPSE,2.60576
169,1,2890.64,622.528,136.063,1.21237,6.2891,algebraic,VERTICAL_WIRE,2.69801
170,1,2746.08,504.556,138.708,0.325095,4.64852,algebraic,NONE,2.78759
171,1,1383.77,875.415,136.923,1.15284,5.47144,algebraic,ELLIPSE,2.34917
172,1,885.076,918.556,138.708,0.325095,4.64851,algebraic,NONE,2.34571
173,1,3312.25,687.043,137.059,0.870344,4.89199,algebraic,VERTICAL_WIRE,2.57333
174,1,870.523,337.894,136.665,1.02108,2.94132,algebraic,ELLIPSE,2.60891
175,1,1773.08,1604.56,138.708,0.325095,4.64851,algebraic,SQUARE,2.37281
176,1,3161.48,1011.42,137.642,0.827406,4.44701,algebraic,ELLIPSE,2.74318
177,1,1226.86,1237.67,138.582,0.555149,4.80156,algebraic,ELLIPSE,2.81038
178,1,670.679,1319.06,139.25,0.406338,4.26864,algebraic,ELLIPSE,2.36831
179,1,568.956,1023.02,136.358,0.728311,7.02132,algebraic,VERTICAL_WIRE,2.47166
180,1,1263.45,1953.48,138.462,0.681944,4.51081,algebraic,SQUARE,2.31743
181,1,2387.08,487.556,138.708,0.325095,4.64852,algebraic,SQUARE,2.45564
182,1,1608.15,1723.12,139.328,2.29921,3.22895,ransac,VERTICAL_WIRE,2.65857
183,1,1982.63,1850.54,136.833,1.21456,5.65333,algebraic,VERTICAL_WIRE,2.86524
184,1,3231.08,1117.56,138.708,0.325095,4.64849,algebraic,SQUARE,2.29423
185,1,3132.86,1537.13,137.587,0.712265,4.65566,algebraic,VERTICAL_WIRE,2.39697
186,1,3201.08,1311.56,138.708,0.325095,4.64849,algebraic,CIRCLE,2.66492
187,0,-1,-1,-1,-1,-1,none,ELLIPSE,2.81944
188,1,3108.08,391.556,138.708,0.325095,4.64852,algebraic,CIRCLE,2.31204
189,1,1611.37,1134.56,137.744,0.675249,4.57277,algebraic,SQUARE,2.79754
190,0,-1,-1,-1,-1,-1,none,CIRCLE,2.4945
191,1,2328.08,529.556,138.708,0.325095,4.64849,algebraic,NONE,2.30991
192,0,-1,-1,-1,-1,-1,none,CIRCLE,2.86243
193,1,3229.08,1375.56,138.708,0.325095,4.64849,algebraic,ELLIPSE,2.32867
194,1,2474.95,911.879,137.282,0.980306,5.87945,algebraic,VERTICAL_WIRE,2.34519
195,1,809.844,624.474,138.582,0.603867,4.62084,algebraic,ELLIPSE,2.57649
196,1,2515.97,1706.62,138.628,0.452759,4.73037,algebraic,CIRCLE,2.53256
197,0,-1,-1,-1,-1,-1,none,CIRCLE,2.33961
198,1,790.823,1863.96,138.02,0.86955,4.96678,algebraic,ELLIPSE,2.81596
199,1,563.076,697.556,138.708,0.325095,4.64851,algebraic,CIRCLE,2.65071
200,1,1241.08,821.556,138.708,0.325095,4.64851,algebraic,SQUARE,2.79589
201,1,2207.08,681.556,138.708,0.325095,4.64849,algebraic,SQUARE,2.42385
202,1,2749.08,1558.56,138.708,0.325095,4.64849,algebraic,NONE,2.33013
203,1,2148.08,266.556,138.708,0.325095,4.64852,algebraic,CIRCLE,2.56331
204,1,3097.73,1536.34,136.293,0.651272,6.38312,algebraic,ELLIPSE,2.28823
205,1,2288.04,1543.19,135.191,0.901846,6.01138,algebraic,VERTICAL_WIRE,2.31423
206,1,1081.28,1596.67,136.519,1.1363,5.96791,algebraic,VERTICAL_WIRE,2.70664
207,1,806.076,970.556,138.708,0.325095,4.64851,algebraic,NONE,2.30572
208,1,2084.08,296.556,138.708,0.325095,4.64852,algebraic,CIRCLE,2.77358
209,1,2479.08,1425.56,138.708,0.325095,4.64849,algebraic,CIRCLE,2.64619
210,1,702.076,1468.56,138.708,0.325095,4.64851,algebraic,NONE,2.46293
211,1,3513.11,1497.65,137.498,1.46246,4.11054,algebraic,VERTICAL_WIRE,2.771
212,0,-1,-1,-1,-1,-1,none,CIRCLE,2.49606
213,1,1798.08,971.556,138.708,0.325095,4.64851,algebraic,NONE,2.36686
214,1,1826.77,1887.39,138.49,0.595579,4.56095,algebraic,SQUARE,2.32963
215,1,3485.08,484.556,138.708,0.325095,4.64852,algebraic,SQUARE,2.89582
216,1,3366.21,1699.69,135.726,0.949399,7.68873,algebraic,VERTICAL_WIRE,2.63856
217,1,3397.33,1852.92,134.835,1.17267,8.03155,algebraic,VERTICAL_WIRE,3.26594
218,1,2976.08,1570.56,138.708,0.325095,4.64849,algebraic,NONE,2.5314
219,1,2525.08,1299.56,138.708,0.325095,4.64849,algebraic,NONE,2.32974
220,1,291.114,1703.89,136.309,0.676684,6.88595,algebraic,VERTICAL_WIRE,2.44004
221,1,3644.07,1771.95,137.793,0.551325,5.30939,algebraic,ELLIPSE,2.76796
222,1,1929.08,1965.56,138.708,0.325095,4.64851,algebraic,SQUARE,2.3814
223,1,3168.08,1274.56,138.708,0.325095,4.64849,algebraic,SQUARE,2.46425
224,1,3209.86,1592.19,137.411,0.396348,6.2945,algebraic,ELLIPSE,2.28615
225,1,3162.23,1319.5,138.594,0.413262,4.56146,algebraic,ELLIPSE,2.78623
226,0,-1,-1,-1,-1,-1,none,CIRCLE,2.27879
227,1,521.701,1497.89,138.628,2.08385,3.69024,ransac,ELLIPSE,2.80111
228,1,815.076,1107.56,138.708,0.325095,4.64851,algebraic,NONE,2.5109
229,1,1047.08,1069.56,138.708,0.325095,4.64851,algebraic,NONE,2.69499
230,1,1719.24,196.226,137.167,0.908086,5.04599,algebraic,VERTICAL_WIRE,2.87432
231,1,3335.08,856.556,138.708,0.325095,4.64849,algebraic,CIRCLE,2.36199
232,1,1133.08,1762.56,138.708,0.325095,4.64851,algebraic,SQUARE,2.5428
233,1,1829.1,1896.69,137.832,0.362114,5.75709,algebraic,VERTICAL_WIRE,2.70176
234,0,-1,-1,-1,-1,-1,none,CIRCLE,2.34773
235,1,1909.08,733.556,138.708,0.325095,4.64851,algebraic,NONE,3.18124
236,1,317.411,767.577,135.594,0.840566,6.07565,algebraic,VERTICAL_WIRE,2.54287
237,1,1378.08,275.556,138.708,0.325095,4.64854,algebraic,CIRCLE,2.571
238,1,3119.14,1140.5,137.986,0.394788,5.56532,algebraic,VERTICAL_WIRE,2.61823
239,1,2787.08,401.556,138.708,0.325095,4.64852,algebraic,NONE,2.69516
240,1,2804.08,1683.56,138.708,0.325095,4.64849,algebraic,NONE,2.40391
241,1,877.401,911.45,136.311,1.07104,7.61946,algebraic,VERTICAL_WIRE,2.74872
242,1,2422.69,1394.52,138.162,15.5627,4.52757,ransac,SQUARE,2.78804
243,1,1205.08,829.797,137.03,0.824737,4.91608,algebraic,VERTICAL_WIRE,2.68427
244,1,2696.16,1752,138.01,5.00124,5.32341,ransac,VERTICAL_WIRE,2.66127
245,1,1102.51,1755.54,138.322,0.442604,4.5635,algebraic,ELLIPSE,2.33169
246,1,2369.08,705.556,138.708,0.325095,4.64849,algebraic,NONE,2.36588
247,1,424.076,274.556,138.708,0.325095,4.64854,algebraic,NONE,2.52848
248,1,186.076,1422.56,138.708,0.325095,4.64851,algebraic,NONE,2.50487
249,1,3366.08,976.556,138.708,0.325095,4.64849,algebraic,SQUARE,2.46735
250,1,3606.08,1191.56,138.708,0.325095,4.64849,algebraic,ELLIPSE,2.81783
251,1,2395.08,502.556,138.708,0.325095,4.64852,algebraic,NONE,2.9198
252,1,1097.96,457.486,140.452,4.77997,6.03606,ransac,VERTICAL_WIRE,2.34431
253,1,415.075,719.307,137.124,1.16428,4.43972,algebraic,VERTICAL_WIRE,2.71869
254,1,3596.69,1402.8,136.136,1.31917,6.45278,algebraic,SQUARE,2.55798
255,1,1819.08,1195.56,138.708,0.325095,4.64851,algebraic,ELLIPSE,3.04088
256,1,1361.35,1420.55,138.163,0.588052,4.84298,algebraic,CIRCLE,2.8881
257,1,3333.08,470.556,138.708,0.325095,4.64852,algebraic,CIRCLE,2.36431
258,1,1935.69,1713.13,142.763,2.53857,7.03207,ransac,ELLIPSE,2.73738
259,1,3120.83,1570.04,140.123,2.11228,2.35101,ransac,VERTICAL_WIRE,2.35709
260,1,1917.08,731.556,138.708,0.325095,4.64851,algebraic,ELLIPSE,2.34097
261,1,1619.26,1771.53,135.2,0.670564,8.70307,algebraic,VERTICAL_WIRE,2.44223
262,1,957.076,416.556,138.708,0.325095,4.64854,algebraic,NONE,2.51781
263,0,-1,-1,-1,-1,-1,none,CIRCLE,2.34359
264,0,-1,-1,-1,-1,-1,none,CIRCLE,2.31236
265,1,1199.29,976.966,136.854,1.01739,5.12965,algebraic,VERTICAL_WIRE,2.6715
266,1,1829.25,443.249,136.387,1.0771,5.66868,algebraic,ELLIPSE,2.40554
267,1,1481.08,1200.56,138.708,0.325095,4.64851,algebraic,SQUARE,2.66785
268,1,1536.08,1085.56,138.708,0.325095,4.64851,algebraic,NONE,2.42492
269,1,2997.61,447.561,137.706,0.37376,5.73322,algebraic,ELLIPSE,2.75464
270,1,753.799,1629.68,138.505,0.427702,4.83552,algebraic,ELLIPSE,2.99406
271,1,2844.83,1611.01,136.047,0.802336,4.37226,algebraic,VERTICAL_WIRE,4.11806
272,1,3362.08,1492.56,138.708,0.325095,4.64849,algebraic,ELLIPSE,5.11486
273,1,250.663,1888.64,138.33,0.323663,4.82713,algebraic,CIRCLE,3.76656
274,1,806.885,352.611,137.794,0.826967,5.07281,algebraic,VERTICAL_WIRE,4.24594
275,1,1990.08,1646.56,138.708,0.325095,4.64851,algebraic,SQUARE,4.09998
276,1,759.945,305.004,137.652,0.539047,5.40898,algebraic,ELLIPSE,3.71867
277,1,1191.09,233.678,137.12,0.838291,5.50937,algebraic,VERTICAL_WIRE,3.77359
278,1,1618.01,1755.04,134.208,2.10984,8.50667,ransac,ELLIPSE,4.35866
279,1,1448.42,495.739,136.028,1.6084,4.45251,algebraic,VERTICAL_WIRE,4.08272
280,1,2131.22,798.642,136.869,0.503699,4.79887,algebraic,ELLIPSE,3.66544
281,0,-1,-1,-1,-1,-1,none,CIRCLE,4.08892
282,1,281.076,1040.56,138.708,0.325095,4.64851,algebraic,CIRCLE,4.07179
283,1,1799.08,895.556,138.708,0.325095,4.64851,algebraic,CIRCLE,4.16858
284,1,2575.53,1771.5,135.668,1.44805,8.51493,algebraic,VERTICAL_WIRE,3.53048
285,1,1569.08,1599.56,138.708,0.325095,4.64851,algebraic,NONE,4.12498
286,1,2143.72,1530.56,138.399,0.398422,4.73765,algebraic,CIRCLE,3.90934
287,1,865.436,419.144,131.678,1.25919,3.19626,algebraic,VERTICAL_WIRE,4.11748
288,1,1291.08,1670.56,138.708,0.325095,4.64851,algebraic,SQUARE,4.20313
289,1,781.076,1291.56,138.708,0.325095,4.64851,algebraic,NONE,3.65504
290,1,1927.08,1670.56,138.708,0.325095,4.64851,algebraic,NONE,3.70771
291,1,1339.94,1612.55,136.561,0.54298,6.86941,algebraic,ELLIPSE,4.19679
292,1,3349.31,809.045,138.596,5.25997,5.09183,ransac,VERTICAL_WIRE,4.14484
293,1,2958.02,444.909,137.886,0.709207,5.29416,algebraic,CIRCLE,3.57984
294,1,1529.08,1804.56,138.708,0.325095,4.64851,algebraic,NONE,4.18063
295,1,920.076,356.556,138.708,0.325095,4.64854,algebraic,CIRCLE,4.02125
296,1,526.076,1838.56,138.708,0.325095,4.64851,algebraic,NONE,3.84841
297,1,1030.31,1689.54,138.559,0.492209,4.5952,algebraic,ELLIPSE,3.71889
298,1,2898.33,581.6,138.138,0.526277,4.89408,algebraic,CIRCLE,3.47973
299,0,-1,-1,-1,-1,-1,none,CIRCLE,4.53816
300,0,-1,-1,-1,-1,-1,none,ELLIPSE,3.9317
301,1,2672.2,849.056,137.586,0.679838,5.0599,algebraic,ELLIPSE,3.74259
302,1,864.436,1951.53,133.622,1.14988,1.51012,algebraic,VERTICAL_WIRE,3.54212
303,0,-1,-1,-1,-1,-1,none,CIRCLE,3.96453
304,0,-1,-1,-1,-1,-1,none,CIRCLE,4.189
305,1,2739.25,1268.52,138.613,0.441195,4.58623,algebraic,CIRCLE,3.51971
306,1,1996.08,1184.56,138.708,0.325095,4.64851,algebraic,SQUARE,3.53397
307,1,1011.75,1848.6,132.924,1.84113,5.01178,algebraic,VERTICAL_WIRE,4.86486
308,1,3098.08,1885.56,138.708,0.325095,4.64849,algebraic,NONE,3.49219
309,0,-1,-1,-1,-1,-1,none,CIRCLE,3.56781
310,1,3289.12,372.98,137.964,0.703603,5.32439,algebraic,CIRCLE,4.65064
311,1,1157.08,881.556,138.708,0.325095,4.64851,algebraic,ELLIPSE,4.87021
312,0,-1,-1,-1,-1,-1,none,ELLIPSE,3.76179
313,1,405.076,1214.56,138.708,0.325095,4.64851,algebraic,CIRCLE,3.44709
314,1,1568.26,1228.53,138.608,0.538382,4.59043,algebraic,ELLIPSE,3.6907
315,1,710.846,1312.11,136.755,0.744371,6.00789,algebraic,VERTICAL_WIRE,4.08595
316,1,694.027,1960.59,142.528,2.19312,8.34861,ransac,VERTICAL_WIRE,3.77639
317,1,1309.08,1280.56,138.708,0.325095,4.64851,algebraic,NONE,3.44345
318,1,2232.59,240.186,135.734,1.03489,6.81015,algebraic,VERTICAL_WIRE,4.3536
319,0,-1,-1,-1,-1,-1,none,CIRCLE,3.73838
320,1,1705.78,1402.69,138.544,0.665308,4.84266,algebraic,SQUARE,3.92485
321,1,1457.08,926.556,138.708,0.325095,4.64851,algebraic,CIRCLE,3.73812
322,1,1388.08,790.556,138.708,0.325095,4.64851,algebraic,SQUARE,3.81888
323,1,2799.48,597.302,136.47,0.811549,7.45886,algebraic,VERTICAL_WIRE,4.14922
324,1,1374.86,420.505,138.553,0.591343,4.64728,algebraic,SQUARE,3.42133
325,1,1051.25,1037.67,137.258,1.38125,5.67915,algebraic,VERTICAL_WIRE,3.76791
326,1,1949.08,480.556,138.708,0.325095,4.64854,algebraic,SQUARE,3.55341
327,1,531.607,992.856,138.412,1.05236,5.05186,algebraic,ELLIPSE,3.8837
328,1,2089.08,307.556,138.708,0.325095,4.64852,algebraic,NONE,3.88765
329,0,-1,-1,-1,-1,-1,none,CIRCLE,3.67164
330,1,2125.08,1309.56,138.708,0.325095,4.64849,algebraic,NONE,4.09698
331,1,1048.08,1222.56,138.708,0.325095,4.64851,algebraic,CIRCLE,3.78561
332,1,1065.08,1371.56,138.708,0.325095,4.64851,algebraic,SQUARE,3.62807
333,1,2171.74,1193.39,138.198,0.523527,4.40173,algebraic,CIRCLE,3.87002
334,1,1711.08,1927.56,138.708,0.325095,4.64851,algebraic,NONE,3.94787
335,1,2482.08,1745.56,138.708,0.325095,4.64849,algebraic,ELLIPSE,4.17319
336,1,2032.66,1089.4,138.444,0.919089,4.60334,algebraic,SQUARE,4.26553
337,0,-1,-1,-1,-1,-1,none,CIRCLE,3.71478
338,1,907.17,954.894,136.869,1.01991,4.06605,algebraic,ELLIPSE,3.83996
339,1,3378.08,1061.56,138.708,0.325095,4.64849,algebraic,NONE,3.77058
340,1,1092.86,781.868,136.942,1.02659,5.79139,algebraic,VERTICAL_WIRE,4.65869
341,1,3379.41,1781.57,138.146,0.408565,4.84289,algebraic,CIRCLE,4.20337
342,1,3580.92,1218.54,138.622,0.429759,4.66613,algebraic,CIRCLE,4.81745
343,1,2375.08,1428.56,138.708,0.325095,4.64849,algebraic,SQUARE,5.07499
344,1,456.076,1714.56,138.708,0.325095,4.64851,algebraic,CIRCLE,4.17873
345,1,2199.08,490.556,138.708,0.325095,4.64852,algebraic,CIRCLE,3.49417
346,1,1103.08,1181.56,138.708,0.325095,4.64851,algebraic,ELLIPSE,3.55424
347,1,2289.08,1415.56,138.708,0.325095,4.64849,algebraic,NONE,4.59702
348,0,-1,-1,-1,-1,-1,none,ELLIPSE,12.2411
349,1,1065.08,1910.56,138.708,0.325095,4.64851,algebraic,ELLIPSE,4.2129
350,1,271.376,1944.32,133.994,1.1857,6.88834,algebraic,VERTICAL_WIRE,3.9168
351,1,2860.2,1305.08,137.663,1.16179,5.08263,algebraic,VERTICAL_WIRE,3.93839
352,1,1587.08,1126.56,138.708,0.325095,4.64851,algebraic,NONE,3.9104
353,1,3042.78,900.769,138.514,1.07645,4.92321,algebraic,SQUARE,3.614
354,1,2522.54,1072.51,136.321,0.91829,5.71977,algebraic,VERTICAL_WIRE,3.69758
355,1,934.076,381.556,138.708,0.325095,4.64854,algebraic,NONE,4.24294
356,1,3274.08,1067.56,138.708,0.325095,4.64849,algebraic,CIRCLE,3.60208
357,1,1648.08,1129.56,138.708,0.325095,4.64851,algebraic,NONE,3.91869
358,1,2404.7,1068.84,137.656,0.84821,5.35427,algebraic,CIRCLE,3.43253
359,1,3172.08,1396.56,138.708,0.325095,4.64849,algebraic,CIRCLE,3.75849
360,0,-1,-1,-1,-1,-1,none,CIRCLE,4.01085
361,1,3059.08,828.556,138.708,0.325095,4.64849,algebraic,NONE,3.99042
362,1,2293.08,1010.56,138.708,0.325095,4.64849,algebraic,NONE,3.53544
363,1,1671.08,1152.56,138.708,0.325095,4.64851,algebraic,ELLIPSE,3.87148
364,1,3045.6,1881.63,138.404,1.03281,4.83759,algebraic,SQUARE,3.82015
365,1,1730.08,1790.56,138.708,0.325095,4.64851,algebraic,NONE,3.95305
366,1,2344.08,227.556,138.708,0.325095,4.64852,algebraic,NONE,3.8485
367,1,604.828,598.085,137.5,0.462033,5.52933,algebraic,ELLIPSE,3.79607
368,1,1548.61,1706.66,123.7,0,17.0409,ransac,CIRCLE,3.97854
369,0,-1,-1,-1,-1,-1,none,CIRCLE,3.74049
370,1,3085.65,1110.52,138.486,1.00556,4.7177,algebraic,SQUARE,3.9404
371,1,3502.28,1947.49,138.582,0.490032,4.55095,algebraic,CIRCLE,4.15839
372,1,3334.08,1804.56,138.708,0.325095,4.64849,algebraic,SQUARE,3.49843
373,1,831.076,1249.56,138.708,0.325095,4.64851,algebraic,CIRCLE,4.44813
374,1,464.726,760.609,138.465,1.02219,4.78225,algebraic,SQUARE,3.6641
375,1,1482.08,601.556,138.708,0.325095,4.64851,algebraic,SQUARE,3.48811
376,1,1604.4,628.536,137.112,0.742313,6.56377,algebraic,VERTICAL_WIRE,3.61582
377,1,3592.08,730.556,138.708,0.325095,4.64849,algebraic,CIRCLE,3.70817
378,1,2024.08,1742.56,138.708,0.325095,4.64851,algebraic,NONE,3.92964
379,1,1988.08,584.556,138.708,0.325095,4.64851,algebraic,NONE,3.7499
380,1,2710.87,1882.59,138.58,0.463911,4.72681,algebraic,CIRCLE,3.9385
381,0,-1,-1,-1,-1,-1,none,CIRCLE,3.60885
382,1,1786.57,413.68,136.402,1.39894,5.03344,algebraic,VERTICAL_WIRE,3.52563
383,1,3577.08,329.556,138.708,0.325095,4.64852,algebraic,SQUARE,4.36708
384,1,668.597,571.074,135.919,0.894676,7.09925,algebraic,VERTICAL_WIRE,3.405
385,0,-1,-1,-1,-1,-1,none,CIRCLE,3.51663
386,1,3520.08,1214.56,138.708,0.325095,4.64849,algebraic,NONE,3.71543
387,1,2933.08,1567.56,138.708,0.325095,4.64849,algebraic,ELLIPSE,3.92056
388,1,2564.38,1902.63,138.509,0.630405,4.66859,algebraic,ELLIPSE,4.63753
389,1,848.824,911.449,136.113,0.809197,7.45136,algebraic,VERTICAL_WIRE,3.89754
390,1,1528.57,1061.03,135.962,1.2664,8.15472,algebraic,VERTICAL_WIRE,4.08548
391,1,591.549,1556.58,136.872,0.952166,4.83778,algebraic,ELLIPSE,3.95815
392,1,3397.62,1354.64,136.896,0.728275,6.6463,algebraic,VERTICAL_WIRE,3.38779
393,1,1087.35,1971.69,140.706,3.64046,2.36219,ransac,VERTICAL_WIRE,3.82751
394,1,961.076,1942.56,138.708,0.325095,4.64851,algebraic,NONE,4.37584
395,1,3579.97,476.635,137.794,0.449693,5.05798,algebraic,CIRCLE,3.42047
396,1,3243.77,1956.56,138.441,0.389474,4.72548,algebraic,CIRCLE,4.34294
397,1,2555.08,1241.56,138.708,0.325095,4.64849,algebraic,NONE,4.90792
398,1,2311.87,1731.56,138.603,0.531423,4.70093,algebraic,ELLIPSE,4.82053
399,0,-1,-1,-1,-1,-1,none,ELLIPSE,4.07682
400,1,1343.49,1522.8,138.178,0.412209,5.03618,algebraic,CIRCLE,3.85295
401,1,1617.57,1464.72,138.431,1.01876,4.73527,algebraic,SQUARE,5.2524
402,1,324.879,1865.88,137.782,0.860101,5.32179,algebraic,CIRCLE,4.27606
403,0,-1,-1,-1,-1,-1,none,CIRCLE,3.68756
404,1,209.076,1143.56,138.708,0.325095,4.64851,algebraic,CIRCLE,4.27314
405,1,987.076,1476.56,138.708,0.325095,4.64851,algebraic,ELLIPSE,3.58539
406,1,3266.08,1329.56,138.708,0.325095,4.64849,algebraic,NONE,3.9511
407,1,2965.5,1685.5,137.099,0.883504,3.53876,algebraic,VERTICAL_WIRE,3.41687
408,1,3453.08,1538.56,138.708,0.325095,4.64849,algebraic,SQUARE,4.12704
409,1,527.076,1596.56,138.708,0.325095,4.64851,algebraic,ELLIPSE,4.02493
410,0,-1,-1,-1,-1,-1,none,CIRCLE,3.66994
411,1,299.495,1244.94,136.77,0.934173,6.9583,algebraic,ELLIPSE,3.87123
412,1,2823.74,1877.79,135.148,1.10264,5.09103,algebraic,ELLIPSE,4.13445
413,1,850.287,1817.4,136.837,0.732273,4.57989,algebraic,ELLIPSE,3.41043
414,1,2318.08,1101.56,138.708,0.325095,4.64849,algebraic,NONE,3.92698
415,1,1140.08,1314.56,138.708,0.325095,4.64851,algebraic,SQUARE,3.64575
416,1,1209.08,1884.56,138.708,0.325095,4.64851,algebraic,ELLIPSE,5.26449
417,1,1903.19,768.036,133.489,1.32405,9.29756,algebraic,VERTICAL_WIRE,4.98384
418,1,2255.75,949.25,117.735,0,24.1997,ransac,CIRCLE,4.43081
419,1,3154.43,387.545,136.681,1.37309,5.782,algebraic,VERTICAL_WIRE,3.66586
420,1,3220.08,1104.56,138.708,0.325095,4.64849,algebraic,NONE,3.92949
421,1,1951.65,750.882,136.575,0.97708,5.15178,algebraic,VERTICAL_WIRE,3.36931
422,1,3547.65,1412.76,136.789,0.849864,6.77194,algebraic,VERTICAL_WIRE,4.36763
423,1,643.076,1211.56,138.708,0.325095,4.64851,algebraic,SQUARE,3.57716
424,1,194.537,1511.06,135.823,1.39321,5.65659,algebraic,ELLIPSE,4.21125
425,1,2813.08,1232.56,138.708,0.325095,4.64849,algebraic,ELLIPSE,3.91561
426,1,2406.97,815.501,137.817,0.527745,4.93746,algebraic,CIRCLE,3.58744
427,1,3137.22,345.555,138.621,0.395931,4.62163,algebraic,CIRCLE,3.56805
428,1,2699.05,1481.02,139.42,21.7595,5.38226,ransac,VERTICAL_WIRE,4.24138
429,1,190.076,658.556,138.708,0.325095,4.64851,algebraic,NONE,3.53114
430,1,3111.08,892.556,138.708,0.325095,4.64849,algebraic,NONE,4.19353
431,1,3329.08,1203.56,138.708,0.325095,4.64849,algebraic,NONE,4.68311
432,1,2576.08,531.556,138.708,0.325095,4.64849,algebraic,ELLIPSE,4.57938
433,1,3417.55,1225.48,140.178,2.11689,5.65822,ransac,VERTICAL_WIRE,11.5702
434,1,277.429,287.617,138.473,0.522602,4.65263,algebraic,ELLIPSE,4.30857
435,1,3460.08,1352.56,138.708,0.325095,4.64849,algebraic,NONE,3.86374
436,1,2116.64,1382.35,135.547,0.979804,5.96475,algebraic,VERTICAL_WIRE,3.60796
437,1,2754.17,202.056,172.074,2.22726,30.1004,ransac,VERTICAL_WIRE,3.62489
438,1,3070.6,1560.96,122.78,2.07182,14.2625,ransac,VERTICAL_WIRE,3.79691
439,1,3395.08,762.556,138.708,0.325095,4.64849,algebraic,NONE,3.55473
440,1,769,325.762,135.287,2.01205,8.40962,ransac,VERTICAL_WIRE,3.68125
441,1,1242.08,1120.56,138.708,0.325095,4.64851,algebraic,NONE,3.9792
442,1,198.076,1476.56,138.708,0.325095,4.64851,algebraic,SQUARE,3.76112
443,0,-1,-1,-1,-1,-1,none,ELLIPSE,3.96605
444,1,2347.96,1575.6,137.925,0.436924,5.69676,algebraic,VERTICAL_WIRE,3.43484
445,1,1373.73,1582.52,135.454,1.62006,8.5225,algebraic,VERTICAL_WIRE,3.98497
446,1,1417.91,693.536,138.604,0.474536,4.66489,algebraic,CIRCLE,3.57283
447,1,2623.08,1905.56,138.708,0.325095,4.64849,algebraic,SQUARE,3.6851
448,1,1556.08,1699.56,138.708,0.325095,4.64851,algebraic,SQUARE,4.32493
449,1,432.076,555.556,138.708,0.325095,4.64851,algebraic,CIRCLE,4.38145
450,1,2121.52,1325.48,138.714,2.97098,3.77724,ransac,ELLIPSE,4.37537
451,1,955.817,1591.29,137.36,0.741331,6.40508,algebraic,VERTICAL_WIRE,3.98294
452,1,1575.11,759.465,136.783,20.0676,2.39521,ransac,VERTICAL_WIRE,3.79346
453,1,2323.65,1128.23,137.639,1.16955,3.50179,algebraic,VERTICAL_WIRE,3.7988
454,1,1470.08,1382.56,138.708,0.325095,4.64851,algebraic,SQUARE,3.83775
455,1,772.245,818.585,138.07,0.666973,4.90885,algebraic,SQUARE,3.56034
456,0,-1,-1,-1,-1,-1,none,CIRCLE,3.59036
457,1,3366.71,1699.72,138.496,0.878571,4.89769,algebraic,SQUARE,3.81573
458,1,2431.08,447.556,138.708,0.325095,4.64852,algebraic,ELLIPSE,3.97365
459,1,347.503,273.706,138.458,0.884508,4.73203,algebraic,ELLIPSE,4.18158
460,1,2923.08,1400.56,138.708,0.325095,4.64849,algebraic,NONE,4.17389
461,1,3399.31,1089.48,136.829,1.26904,3.00068,algebraic,VERTICAL_WIRE,3.45621
462,1,2241.08,574.556,138.708,0.325095,4.64849,algebraic,SQUARE,3.78545
463,0,-1,-1,-1,-1,-1,none,CIRCLE,4.14621
464,1,2035.91,1658.98,137.063,0.721356,5.06091,algebraic,VERTICAL_WIRE,3.85444
465,1,2064.08,957.556,138.708,0.325095,4.64849,algebraic,SQUARE,3.89987
466,1,2172.06,325.241,137.17,0.978445,4.37141,algebraic,ELLIPSE,3.77082
467,0,-1,-1,-1,-1,-1,none,CIRCLE,3.42218
468,1,730.076,1469.56,138.708,0.325095,4.64851,algebraic,CIRCLE,3.98082
469,1,2111.26,907.74,128.394,20.6214,6.65643,ransac,VERTICAL_WIRE,4.21177
470,1,2024.08,397.556,138.708,0.325095,4.64854,algebraic,CIRCLE,3.48857
471,1,1809.07,1153.84,135.781,1.18998,7.83927,algebraic,VERTICAL_WIRE,4.63637
472,1,1056.26,747.399,137.84,1.06344,4.40709,algebraic,SQUARE,4.2087
473,1,1209.08,1083.56,138.708,0.325095,4.64851,algebraic,NONE,3.60235
474,1,1156.08,1540.56,138.708,0.325095,4.64851,algebraic,CIRCLE,3.95803
475,1,497.076,1933.56,138.708,0.325095,4.64851,algebraic,NONE,4.17286
476,1,1965.49,973.676,138.424,0.711939,4.70351,algebraic,SQUARE,3.92483
477,1,1617.92,1489.6,137.084,0.34429,4.68764,algebraic,CIRCLE,3.86195
478,1,2077,1294.54,137.115,0.300616,6.61649,algebraic,VERTICAL_WIRE,3.71018
479,1,1908.55,1071.31,136.952,1.07902,2.72969,algebraic,VERTICAL_WIRE,4.11317
480,1,2587.08,369.556,138.708,0.325095,4.64852,algebraic,CIRCLE,3.50005
481,1,1421.08,1272.86,136.266,0.996921,3.05744,algebraic,VERTICAL_WIRE,3.75539
482,1,2472.08,358.556,138.708,0.325095,4.64852,algebraic,ELLIPSE,3.44697
483,1,2902.22,374.478,138.594,0.42393,4.54581,algebraic,CIRCLE,3.90584
484,1,721.234,1815.53,132.458,0.942848,4.04326,algebraic,VERTICAL_WIRE,3.94003
485,1,756.869,1912.95,140.908,2.47634,5.04332,ransac,VERTICAL_WIRE,3.76835
486,1,2911.27,1467,137.577,0.725409,5.00656,algebraic,ELLIPSE,3.51495
487,1,266.003,429.203,138.222,0.33247,5.29755,algebraic,VERTICAL_WIRE,5.07344
488,1,3345.08,744.556,138.708,0.325095,4.64849,algebraic,ELLIPSE,4.655
489,1,1377.75,1270.35,134.903,1.00588,2.27685,algebraic,VERTICAL_WIRE,4.19401
490,1,466.076,608.556,138.708,0.325095,4.64851,algebraic,NONE,4.38666
491,1,1181.86,1292.78,137.936,0.397751,4.78344,algebraic,ELLIPSE,3.60043
492,1,733.38,1371.26,136.515,1.27212,5.58939,algebraic,VERTICAL_WIRE,3.57472
493,1,3403.08,1630.56,138.708,0.325095,4.64849,algebraic,NONE,3.71308
494,1,2520.71,1906.32,137.56,1.79237,3.33708,algebraic,VERTICAL_WIRE,3.38069
495,1,985.076,878.556,138.708,0.325095,4.64851,algebraic,NONE,4.27536
496,1,3412.34,1735.59,138.564,0.558001,4.63937,algebraic,CIRCLE,3.52929
497,0,-1,-1,-1,-1,-1,none,CIRCLE,3.50437
498,1,2871.08,1454.56,138.708,0.325095,4.64849,algebraic,CIRCLE,3.73359
499,1,2341.28,1257.49,138.087,0.609315,4.81356,algebraic,CIRCLE,3.9203
500,1,1412.65,1902.5,135.365,0.943373,0.611226,algebraic,VERTICAL_WIRE,4.19774
501,1,2285.08,827.556,138.708,0.325095,4.64849,algebraic,CIRCLE,3.78443
502,1,3459.08,1110.56,138.708,0.325095,4.64849,algebraic,SQUARE,3.72194
503,1,2953.26,568.266,128.769,1.63861,14.505,algebraic,SQUARE,4.11114
504,1,1517.08,270.556,138.708,0.325095,4.64854,algebraic,CIRCLE,4.05045
505,1,1518.08,1438.56,138.708,0.325095,4.64851,algebraic,SQUARE,4.25307
506,1,2668.08,1830.56,138.708,0.325095,4.64849,algebraic,ELLIPSE,3.8133
507,1,1664.08,1226.56,138.708,0.325095,4.64851,algebraic,ELLIPSE,4.15651
508,1,2410.6,1514.63,137.425,11.8181,4.66569,ransac,ELLIPSE,4.31282
509,1,2324.08,498.556,138.708,0.325095,4.64852,algebraic,NONE,3.77535
510,1,2149.08,831.556,138.708,0.325095,4.64849,algebraic,ELLIPSE,3.87757
511,1,427.076,886.556,138.708,0.325095,4.64851,algebraic,SQUARE,3.40675
512,0,-1,-1,-1,-1,-1,none,CIRCLE,3.9312
513,1,3098.34,1888.32,136.759,0.916041,2.85053,algebraic,VERTICAL_WIRE,3.89226
514,0,-1,-1,-1,-1,-1,none,ELLIPSE,3.4737
515,0,-1,-1,-1,-1,-1,none,CIRCLE,4.78488
516,1,3580.54,1123.7,136.305,1.31579,7.83638,algebraic,VERTICAL_WIRE,4.11735
517,1,1131.86,1211.14,139.468,4.06906,5.26827,ransac,VERTICAL_WIRE,3.57901
518,1,1536.08,1550.56,138.708,0.325095,4.64851,algebraic,SQUARE,3.52092
519,1,1015.78,1673.12,130.431,1.82306,4.7511,algebraic,VERTICAL_WIRE,4.34558
520,0,-1,-1,-1,-1,-1,none,CIRCLE,4.17544
521,0,-1,-1,-1,-1,-1,none,CIRCLE,3.89255
522,1,2226.08,1447.56,138.708,0.325095,4.64849,algebraic,SQUARE,4.11854
523,1,2837.08,489.556,138.708,0.325095,4.64852,algebraic,SQUARE,4.52387
524,1,3376.08,1676.56,138.708,0.325095,4.64849,algebraic,SQUARE,4.46437
525,1,3366.08,1212.56,138.708,0.325095,4.64849,algebraic,NONE,3.6911
526,1,2493.08,1553.56,138.708,0.325095,4.64849,algebraic,NONE,3.94365
527,1,938.076,797.556,138.708,0.325095,4.64851,algebraic,NONE,3.47415
528,1,3015.08,1857.56,138.708,0.325095,4.64849,algebraic,NONE,4.62133
529,1,2268.57,1215.5,134.287,1.88593,1.64567,algebraic,VERTICAL_WIRE,4.19243
530,1,457.513,1741.43,138.354,0.451465,4.45647,algebraic,CIRCLE,3.72739
531,1,2935.08,1000.56,138.708,0.325095,4.64849,algebraic,SQUARE,4.29212
532,1,1019.08,1389.56,138.708,0.325095,4.64851,algebraic,SQUARE,3.99185
533,0,-1,-1,-1,-1,-1,none,ELLIPSE,3.76768
534,1,2199.08,1769.56,138.708,0.325095,4.64849,algebraic,NONE,4.13129
535,1,2145.08,495.556,138.708,0.325095,4.64852,algebraic,NONE,3.45338
536,1,728.076,1636.56,138.708,0.325095,4.64851,algebraic,NONE,3.73146
537,0,-1,-1,-1,-1,-1,none,ELLIPSE,3.74166
538,1,3625.08,636.556,138.708,0.325095,4.64849,algebraic,CIRCLE,4.67164
539,1,353.351,1893.63,137.402,1.07812,5.3324,algebraic,SQUARE,4.18653
540,1,3419.01,1599.98,131.756,1.23635,12.0208,algebraic,VERTICAL_WIRE,4.21917
541,1,3081.08,1731.56,138.708,0.325095,4.64849,algebraic,NONE,4.2922
542,1,2364.8,1741.47,138.544,0.695829,4.6325,algebraic,ELLIPSE,3.811
543,1,1788.08,291.556,138.708,0.325095,4.64854,algebraic,NONE,5.93116
544,1,3336.85,438.53,136.164,1.65403,5.83099,algebraic,VERTICAL_WIRE,4.07925
545,1,3432.93,1792.32,137.702,1.08733,5.31699,algebraic,VERTICAL_WIRE,3.99271
546,1,216.076,1832.56,138.708,0.325095,4.64851,algebraic,SQUARE,4.4492
547,0,-1,-1,-1,-1,-1,none,ELLIPSE,4.06082
548,1,691.076,1889.56,138.708,0.325095,4.64851,algebraic,NONE,3.82818
549,1,2215.68,572.893,136.716,0.93372,5.91209,algebraic,VERTICAL_WIRE,4.81247
550,1,367.629,680.491,138.463,0.852788,4.69571,algebraic,ELLIPSE,3.81848
551,1,3022.08,1656.56,138.708,0.325095,4.64849,algebraic,CIRCLE,3.86602
552,1,372.076,1503.56,138.708,0.325095,4.64851,algebraic,NONE,4.14257
553,1,251.076,1894.56,138.708,0.325095,4.64851,algebraic,NONE,4.23852
554,1,1614.08,1605.56,138.708,0.325095,4.64851,algebraic,NONE,3.3938
555,1,1896.08,784.556,138.708,0.325095,4.64851,algebraic,SQUARE,3.74177
556,1,1350.49,1379.21,137.512,0.986078,3.54384,algebraic,ELLIPSE,3.54812
557,0,-1,-1,-1,-1,-1,none,CIRCLE,3.38478
558,1,1109.08,732.556,138.708,0.325095,4.64851,algebraic,SQUARE,4.04483
559,1,1379.13,1549.64,137.774,0.467672,4.64585,algebraic,VERTICAL_WIRE,3.86421
560,1,2107.5,964.867,135.934,0.662805,8.00935,algebraic,VERTICAL_WIRE,3.82726
561,1,2722.08,1391.56,138.708,0.325095,4.64849,algebraic,SQUARE,3.73649
562,1,1310.09,1336.35,134.141,0.451992,7.97683,algebraic,ELLIPSE,3.63729
563,1,1158.39,1408.93,137.204,0.620262,5.57258,algebraic,VERTICAL_WIRE,4.24917
564,1,510.083,638.65,137.283,16.0461,3.80715,ransac,VERTICAL_WIRE,3.40126
565,1,2993.86,1404.15,137.402,0.358343,6.25733,algebraic,ELLIPSE,3.69631
566,1,1118.08,1143.56,138.708,0.325095,4.64851,algebraic,NONE,4.35299
567,1,3144.08,642.556,138.708,0.325095,4.64849,algebraic,CIRCLE,3.82703
568,1,966.762,292.661,138.536,0.710105,4.82215,algebraic,ELLIPSE,3.9366
569,1,1674.08,1477.56,138.708,0.325095,4.64851,algebraic,NONE,4.3975
570,1,3129.08,1965.56,138.708,0.325095,4.64849,algebraic,SQUARE,3.79084
571,1,1918.08,1651.15,137.754,0.661195,4.57185,algebraic,ELLIPSE,3.93513
572,1,2757.45,484.521,140.117,13.767,2.96033,ransac,VERTICAL_WIRE,3.78072
573,1,2113.08,471.556,138.708,0.325095,4.64852,algebraic,NONE,4.30856
574,1,502.303,489.307,135.53,0.376542,8.3359,algebraic,ELLIPSE,3.80409
575,0,-1,-1,-1,-1,-1,none,ELLIPSE,6.39785
576,1,198.02,1018.64,135.252,1.92088,4.77366,algebraic,VERTICAL_WIRE,4.59045
577,1,1096.08,1342.56,138.708,0.325095,4.64851,algebraic,ELLIPSE,4.19667
578,1,2963.08,1621.56,138.708,0.325095,4.64849,algebraic,NONE,4.58381
579,1,272.063,389.925,136.277,1.6077,4.434,algebraic,VERTICAL_WIRE,3.61538
580,1,2130.08,1580.56,138.708,0.325095,4.64849,algebraic,ELLIPSE,4.36854
581,1,885.076,267.556,138.708,0.325095,4.64854,algebraic,SQUARE,3.94479
582,0,-1,-1,-1,-1,-1,none,CIRCLE,3.57062
583,1,2521.36,723.563,138.748,2.11942,4.60839,ransac,VERTICAL_WIRE,3.62313
584,1,2707.08,1142.56,138.708,0.325095,4.64849,algebraic,NONE,3.46441
585,1,3294.51,1242.84,141.037,3.54693,4.59015,ransac,VERTICAL_WIRE,4.32757
586,1,1573.08,1837.56,138.708,0.325095,4.64851,algebraic,NONE,4.31207
587,0,-1,-1,-1,-1,-1,none,CIRCLE,3.64934
588,1,1304.08,1466.56,138.708,0.325095,4.64851,algebraic,CIRCLE,3.99465
589,1,853.313,749.342,138.614,2.46493,4.65787,ransac,SQUARE,3.67761
590,1,1576.11,1022.27,133.16,0.997484,1.73214,algebraic,VERTICAL_WIRE,3.83521
591,1,2758.35,1459.08,137.388,0.434561,6.11855,algebraic,ELLIPSE,4.4582
592,1,527.404,249.134,140.469,0,4.88154,ransac,ELLIPSE,3.91972
593,1,952.642,287.007,137.313,0.688252,4.64917,algebraic,VERTICAL_WIRE,4.4405
594,1,835.016,1772.88,130.941,1.33645,11.0804,algebraic,VERTICAL_WIRE,4.00652
595,1,1775.08,1459.56,138.708,0.325095,4.64851,algebraic,SQUARE,4.26057
596,1,3096.35,1173.7,137.028,0.896618,6.72683,algebraic,VERTICAL_WIRE,4.37196
597,1,1924.08,1201.56,138.708,0.325095,4.64851,algebraic,NONE,4.52811
598,1,1407.01,1493.86,133.018,3.49008,3.01161,ransac,VERTICAL_WIRE,4.08531
599,1,188.814,801.654,138.454,0.356592,4.80267,algebraic,CIRCLE,4.69742
600,1,1912.08,278.556,138.708,0.325095,4.64854,algebraic,NONE,4.421
601,1,2414.08,1243.56,138.708,0.325095,4.64849,algebraic,SQUARE,3.99768
602,1,3450.62,577.509,138.341,0.791406,4.52499,algebraic,SQUARE,3.45096
603,1,2746.08,357.556,138.708,0.325095,4.64852,algebraic,CIRCLE,3.95863
604,1,3243.08,1162.56,138.708,0.325095,4.64849,algebraic,CIRCLE,4.63511
605,1,2944.08,1828.56,138.708,0.325095,4.64849,algebraic,NONE,3.81019
606,1,654.076,1236.56,138.708,0.325095,4.64851,algebraic,SQUARE,3.65568
607,1,3113.63,195.885,135.496,1.02373,8.23398,algebraic,VERTICAL_WIRE,4.23021
608,1,1618.45,414.545,138.457,0.691498,4.57817,algebraic,SQUARE,3.49979
609,1,921.249,958.812,137.695,0.672723,4.81858,algebraic,VERTICAL_WIRE,3.64104
610,0,-1,-1,-1,-1,-1,none,CIRCLE,4.39836
611,1,3130.08,195.556,138.708,0.325095,4.64852,algebraic,SQUARE,3.67073
612,1,1866.27,938.897,132.931,0.732983,10.9006,algebraic,VERTICAL_WIRE,3.72027
613,0,-1,-1,-1,-1,-1,none,CIRCLE,4.15081
614,1,3506.08,565.556,138.708,0.325095,4.64849,algebraic,SQUARE,3.98025
615,0,-1,-1,-1,-1,-1,none,CIRCLE,3.52947
616,1,1205.08,1774.56,138.708,0.325095,4.64851,algebraic,CIRCLE,3.97063
617,1,2062.75,657.061,138.189,1.20215,5.06714,algebraic,SQUARE,4.10234
618,1,1282.08,295.556,138.708,0.325095,4.64854,algebraic,NONE,3.4843
619,1,1650.08,1855.56,138.708,0.325095,4.64851,algebraic,SQUARE,4.67939
620,1,2964.08,1561.56,138.708,0.325095,4.64849,algebraic,CIRCLE,3.8996
621,1,1017.17,717.509,138.634,0.411867,4.58432,algebraic,CIRCLE,3.54905
622,1,1933.08,668.556,138.708,0.325095,4.64851,algebraic,NONE,4.24245
623,1,2646.08,513.556,138.708,0.325095,4.64849,algebraic,SQUARE,4.24905
624,1,3048.44,826.637,140.365,6.66228,5.84554,ransac,VERTICAL_WIRE,3.66043
625,1,544.349,914.172,136.743,2.69447,3.44689,ransac,VERTICAL_WIRE,4.0311
626,0,-1,-1,-1,-1,-1,none,CIRCLE,4.16415
627,1,426.083,1901.89,126.655,0,10.3932,ransac,ELLIPSE,3.74847
628,1,2958.87,913.9,135.266,1.38269,7.09531,algebraic,VERTICAL_WIRE,3.64067
629,1,3049.53,295.585,137.838,0.896163,5.77444,algebraic,ELLIPSE,3.88822
630,1,2092.84,591.471,138.579,0.650717,4.61883,algebraic,ELLIPSE,3.91179
631,0,-1,-1,-1,-1,-1,none,CIRCLE,4.3985
632,1,2041.82,582.928,137.749,0.745796,5.38674,algebraic,CIRCLE,3.52117
633,1,1750.08,551.556,138.708,0.325095,4.64851,algebraic,CIRCLE,5.04866
634,1,2509.69,1743.65,138.352,0.358204,4.82674,algebraic,CIRCLE,3.46583
635,1,193.076,1907.56,138.708,0.325095,4.64851,algebraic,NONE,3.68722
636,1,1635.08,1167.56,138.708,0.325095,4.64851,algebraic,NONE,3.8291
637,1,765.076,834.556,138.708,0.325095,4.64851,algebraic,CIRCLE,4.11265
638,1,2100.08,182.928,136.24,0.939002,4.13828,algebraic,VERTICAL_WIRE,3.51411
639,1,2548.08,460.556,138.708,0.325095,4.64852,algebraic,NONE,3.4377
640,1,963.076,1469.56,138.708,0.325095,4.64851,algebraic,NONE,4.71441
641,1,834.231,1028.4,134.138,1.14275,6.8583,algebraic,VERTICAL_WIRE,3.91813
642,1,231.529,932.423,138.357,0.522912,4.44832,algebraic,CIRCLE,3.90689
643,1,2765.07,711.167,136.572,0.274485,7.22708,algebraic,VERTICAL_WIRE,4.11646
644,1,1043.28,413.89,136.649,21.3893,5.05521,ransac,SQUARE,4.55518
645,1,306.076,1684.56,138.708,0.325095,4.64851,algebraic,CIRCLE,4.15226
646,0,-1,-1,-1,-1,-1,none,CIRCLE,3.66869
647,1,1675.44,365.646,136.497,1.23057,1.7395,algebraic,VERTICAL_WIRE,3.94475
648,1,1620.08,1792.56,138.708,0.325095,4.64851,algebraic,CIRCLE,4.88462
649,1,843.076,555.556,138.708,0.325095,4.64851,algebraic,NONE,3.88583
650,1,1687.08,1106.56,138.708,0.325095,4.64851,algebraic,SQUARE,3.49598
651,1,3198.08,1504.56,138.708,0.325095,4.64849,algebraic,NONE,4.13929
652,0,-1,-1,-1,-1,-1,none,CIRCLE,3.95487
653,1,367.076,1798.56,138.708,0.325095,4.64851,algebraic,ELLIPSE,3.85994
654,1,972.076,737.556,138.708,0.325095,4.64851,algebraic,ELLIPSE,4.25122
655,1,2267.08,1626.56,138.708,0.325095,4.64849,algebraic,SQUARE,3.738
656,1,1082.08,1159.56,138.708,0.325095,4.64851,algebraic,NONE,3.97749
657,1,2053.63,987.064,136.653,0.446195,6.51219,algebraic,ELLIPSE,3.66334
658,1,974.268,1787.12,137.512,0.701483,5.1265,algebraic,ELLIPSE,3.3513
659,1,2765.91,1016.92,137.734,0.512091,3.91905,algebraic,ELLIPSE,3.81283
660,1,3224.84,1036.15,131.808,21.8016,3.84993,ransac,VERTICAL_WIRE,3.85422
661,1,2351.45,367.676,138.423,0.630479,4.70816,algebraic,CIRCLE,3.99032
662,1,2470.78,1710.62,135.824,1.10068,4.14948,algebraic,ELLIPSE,4.14145
663,1,3502.89,1820.72,138.238,1.96478,4.71966,algebraic,ELLIPSE,3.5481
664,1,1167.08,1800.56,138.708,0.325095,4.64851,algebraic,CIRCLE,3.49734
665,1,2528.08,1948.56,138.708,0.325095,4.64849,algebraic,NONE,12.4
666,0,-1,-1,-1,-1,-1,none,ELLIPSE,4.45747
667,1,1262.08,599.556,138.708,0.325095,4.64851,algebraic,CIRCLE,3.81322
668,1,2573.37,1587.55,137.114,0.829339,6.58018,algebraic,VERTICAL_WIRE,3.51919
669,1,2353.08,190.556,138.708,0.325095,4.64852,algebraic,CIRCLE,3.41267
670,1,585.076,910.556,138.708,0.325095,4.64851,algebraic,NONE,4.19885
671,1,3230.08,750.556,138.708,0.325095,4.64849,algebraic,ELLIPSE,3.88342
672,1,1101.4,1273.14,136.603,0.853957,7.16032,algebraic,VERTICAL_WIRE,4.00987
673,1,1017.08,1591.56,138.708,0.325095,4.64851,algebraic,SQUARE,4.43087
674,1,636.703,1005.89,129.354,2.67523,10.3351,ransac,VERTICAL_WIRE,3.80359
675,1,2828.65,810.531,136.369,0.897232,7.65141,algebraic,ELLIPSE,3.9995
676,1,2399.48,1208.21,134.785,1.04998,6.26418,algebraic,VERTICAL_WIRE,3.6295
677,1,3090.79,894.526,137.181,0.955518,6.63743,algebraic,VERTICAL_WIRE,3.72195
678,1,247.076,567.556,138.708,0.325095,4.64851,algebraic,CIRCLE,4.11294
679,1,986.873,1063.88,138.51,0.947433,5.00968,algebraic,SQUARE,4.31853
680,1,1776.85,1464.67,135.579,1.25506,4.64388,algebraic,VERTICAL_WIRE,3.95103
681,1,2435.08,423.556,138.708,0.325095,4.64852,algebraic,CIRCLE,4.58888
682,1,1746.08,557.556,138.708,0.325095,4.64851,algebraic,CIRCLE,3.86663
683,1,591.076,1833.56,138.708,0.325095,4.64851,algebraic,NONE,4.5028
684,1,1640.8,1051.61,138.211,1.22248,4.61869,algebraic,SQUARE,3.74414
685,1,1103.47,1080.97,138.957,15.8378,4.99919,ransac,SQUARE,4.05868
686,1,1129.3,1682.72,138.44,0.41384,4.76726,algebraic,ELLIPSE,3.44044
687,1,3072.19,898.569,136.727,0.652577,6.81453,algebraic,VERTICAL_WIRE,3.87448
688,1,3067.08,1737.56,138.708,0.325095,4.64849,algebraic,NONE,3.55764
689,1,2553.59,598.954,135.078,1.55885,0.410075,algebraic,VERTICAL_WIRE,3.74559
690,1,3173.89,1003.45,138.118,0.716019,4.45192,algebraic,SQUARE,4.19849
691,1,3011.08,586.556,138.708,0.325095,4.64849,algebraic,NONE,3.87398
692,1,1231.08,1598.56,138.708,0.325095,4.64851,algebraic,NONE,4.11353
693,1,860.118,882.561,137.463,1.18468,3.56251,algebraic,VERTICAL_WIRE,5.43717
694,1,1768.87,1071.24,136.542,0.464425,7.32275,algebraic,VERTICAL_WIRE,3.82971
695,1,3620.08,1581.56,138.708,0.325095,4.64849,algebraic,NONE,4.03741
696,1,2067.08,1494.56,138.708,0.325095,4.64849,algebraic,SQUARE,3.54523
697,1,1241.48,1819.56,138.222,0.448329,4.80429,algebraic,ELLIPSE,3.65324
698,1,2801.08,1719.56,138.708,0.325095,4.64849,algebraic,NONE,4.38689
699,1,2359.22,1435.69,136.239,1.33571,5.18893,algebraic,ELLIPSE,4.07215
700,1,2356.14,1232.5,137.902,0.716749,4.50667,algebraic,ELLIPSE,3.64954
701,1,1387.08,1569.56,138.708,0.325095,4.64851,algebraic,NONE,3.77104
702,1,3658.56,1511.91,135.686,0.819635,5.53477,algebraic,ELLIPSE,3.50049
703,1,3474.08,1400.56,138.708,0.325095,4.64849,algebraic,NONE,3.86018
704,1,3040.87,544.802,137.72,0.329683,5.91122,algebraic,ELLIPSE,4.23499
705,1,2334.65,450.734,138.469,0.902052,4.92283,algebraic,SQUARE,3.59637
706,1,2320.08,236.556,138.708,0.325095,4.64852,algebraic,SQUARE,4.0705
707,1,2373.08,543.556,138.708,0.325095,4.64849,algebraic,NONE,3.96362
708,1,1262.67,391.703,138.424,0.99423,4.88758,algebraic,SQUARE,3.98081
709,1,1110.55,433.688,138.319,0.744735,4.90537,algebraic,CIRCLE,4.19933
710,1,2241.08,911.556,138.708,0.325095,4.64849,algebraic,SQUARE,3.63333
711,1,2016.08,1751.56,138.708,0.325095,4.64851,algebraic,NONE,3.87095
712,1,1752.35,1442.47,138.556,0.706665,4.52016,algebraic,SQUARE,3.62144
713,1,726.076,1784.56,138.708,0.325095,4.64851,algebraic,SQUARE,3.77167
714,1,930.076,240.556,138.708,0.325095,4.64854,algebraic,ELLIPSE,4.4636
715,1,751.312,1908.1,137.639,0.931034,4.10867,algebraic,VERTICAL_WIRE,3.77177
716,1,198.076,876.556,138.708,0.325095,4.64851,algebraic,CIRCLE,3.90865
717,1,895.076,1433.56,138.708,0.325095,4.64851,algebraic,CIRCLE,3.63827
718,1,753.076,862.556,138.708,0.325095,4.64851,algebraic,SQUARE,3.69239
719,1,1120.5,224.657,137.217,0.897652,3.69092,algebraic,ELLIPSE,3.932
720,1,3617.66,1571.95,138.283,0.900967,4.96311,algebraic,SQUARE,3.73569
721,0,-1,-1,-1,-1,-1,none,CIRCLE,3.93104
722,1,2458.08,721.556,138.708,0.325095,4.64849,algebraic,ELLIPSE,4.34485
723,1,2944.92,1483.5,138.804,0.340578,4.62539,algebraic,CIRCLE,4.23035
724,1,3343.7,1547.76,136.215,1.59485,7.86458,algebraic,VERTICAL_WIRE,3.58314
725,1,3065.08,1871.56,138.708,0.325095,4.64849,algebraic,SQUARE,3.96992
726,1,754.322,357.736,137.017,0.88392,6.76965,algebraic,VERTICAL_WIRE,3.66777
727,1,3443.08,1142.56,138.708,0.325095,4.64849,algebraic,CIRCLE,3.58313
728,1,260.076,581.556,138.708,0.325095,4.64851,algebraic,NONE,3.64418
729,1,1318.08,1462.56,138.708,0.325095,4.64851,algebraic,SQUARE,3.48018
730,1,2749.42,977.968,135.754,0.805095,8.12402,algebraic,VERTICAL_WIRE,3.87409
731,1,3218.08,833.556,138.708,0.325095,4.64849,algebraic,NONE,3.801
732,1,686.712,1391.34,136.06,1.01226,1.3691,algebraic,ELLIPSE,4.28492
733,1,1517.8,1183.66,137.744,0.847353,5.15262,algebraic,VERTICAL_WIRE,3.57822
734,1,3500.49,1133.64,138.483,0.876618,4.67153,algebraic,SQUARE,3.98776
735,0,-1,-1,-1,-1,-1,none,ELLIPSE,3.95901
736,0,-1,-1,-1,-1,-1,none,CIRCLE,3.94059
737,1,1315.71,1640.81,137.529,0.464071,5.32478,algebraic,ELLIPSE,4.6418
738,1,748.076,1490.56,138.708,0.325095,4.64851,algebraic,NONE,4.12153
739,1,2605.41,596.688,138.518,0.760045,4.72499,algebraic,SQUARE,4.32411
740,1,1865.08,361.556,138.708,0.325095,4.64854,algebraic,NONE,4.76579
741,1,1885.44,327.308,137.103,1.24258,3.3362,algebraic,ELLIPSE,3.98749
742,1,720.634,657.468,138.389,1.38722,4.4831,algebraic,ELLIPSE,4.10212
743,1,3333.08,1808.56,138.708,0.325095,4.64849,algebraic,CIRCLE,4.31497
744,1,1483.08,1571.56,138.708,0.325095,4.64851,algebraic,NONE,3.77116
745,1,189.076,1949.56,138.708,0.325095,4.64851,algebraic,SQUARE,4.89466
746,1,3492.08,1034.56,138.708,0.325095,4.64849,algebraic,CIRCLE,4.37504
747,1,3407.86,883.576,137.731,0.657236,5.05164,algebraic,CIRCLE,4.00317
748,0,-1,-1,-1,-1,-1,none,CIRCLE,4.05276
749,1,789.076,1694.56,138.708,0.325095,4.64851,algebraic,SQUARE,3.80419
750,1,2012.08,1525.56,138.708,0.325095,4.64851,algebraic,ELLIPSE,3.5011
751,1,1724.08,1949.56,138.708,0.325095,4.64851,algebraic,NONE,4.44845
752,1,965.18,1059.44,138.589,0.363612,4.51696,algebraic,VERTICAL_WIRE,5.49504
753,1,1135.08,1290.56,138.708,0.325095,4.64851,algebraic,SQUARE,4.8593
754,1,2744.08,1118.56,138.708,0.325095,4.64849,algebraic,NONE,4.48958
755,1,810.984,1129.64,137.991,0.733841,4.63589,algebraic,ELLIPSE,4.03713
756,1,3425.08,343.556,138.708,0.325095,4.64852,algebraic,NONE,4.22579
757,1,3176.9,215.097,142.13,3.64401,7.34561,ransac,ELLIPSE,4.08129
758,1,2162.08,390.556,138.708,0.325095,4.64852,algebraic,NONE,4.15187
759,1,775.652,1021.03,136.754,0.966521,7.16136,algebraic,VERTICAL_WIRE,3.95775
760,1,1507.54,482.876,137.867,0.513278,4.14109,algebraic,ELLIPSE,4.18678
761,0,-1,-1,-1,-1,-1,none,CIRCLE,3.61869
762,1,345.465,1490.44,137.916,0.734279,5.47052,algebraic,VERTICAL_WIRE,3.68587
763,1,772.506,316.557,137.656,0.410162,5.57877,algebraic,ELLIPSE,4.56846
764,1,1716.52,638.774,133.733,1.17847,8.68075,algebraic,VERTICAL_WIRE,3.57646
765,1,274.081,1610.33,136.175,0.968952,7.57873,algebraic,VERTICAL_WIRE,4.06689
766,1,2098.32,1200.59,138.56,0.570477,4.63651,algebraic,ELLIPSE,3.62859
767,1,2849.23,1340.24,137.414,0.616758,6.29044,algebraic,VERTICAL_WIRE,3.60395
768,1,1983.08,1590.56,138.708,0.325095,4.64851,algebraic,NONE,3.59068
769,1,718.82,1724.71,137.607,0.386955,5.18983,algebraic,CIRCLE,4.45335
770,1,2506.55,500.665,138.375,1.28317,4.68654,algebraic,SQUARE,4.01857
771,1,2117.82,877.175,132.696,1.0459,4.26298,algebraic,VERTICAL_WIRE,3.77243
772,0,-1,-1,-1,-1,-1,none,CIRCLE,3.81152
773,0,-1,-1,-1,-1,-1,none,ELLIPSE,3.57112
774,1,3489.54,1320.55,136.323,1.25074,7.56066,algebraic,ELLIPSE,4.15016
775,1,2795.76,1005.93,132.111,1.2179,12.1356,algebraic,VERTICAL_WIRE,4.18497
776,1,1926.6,1250.79,137.273,0.905015,3.12389,algebraic,VERTICAL_WIRE,3.71328
777,1,2623.08,662.556,138.708,0.325095,4.64849,algebraic,NONE,4.01108
778,1,2149.59,961.791,137.202,1.29784,4.49117,algebraic,VERTICAL_WIRE,3.41503
779,1,3469.08,1890.56,138.708,0.325095,4.64849,algebraic,CIRCLE,4.51947
780,1,1764.08,366.556,138.708,0.325095,4.64854,algebraic,SQUARE,3.73502
781,1,2108.73,533.568,138.441,0.422076,4.74099,algebraic,CIRCLE,4.41267
782,1,2101.08,1434.56,138.708,0.325095,4.64849,algebraic,NONE,3.46897
783,1,1381.99,1263.99,138.932,2.35588,4.11962,ransac,VERTICAL_WIRE,4.096
784,1,2714.93,1862.59,138.612,0.463217,4.71163,algebraic,ELLIPSE,3.82479
785,0,-1,-1,-1,-1,-1,none,CIRCLE,3.50035
786,1,2210.85,1942.58,138.568,0.470684,4.71891,algebraic,CIRCLE,3.54258
787,1,3121.27,1684.5,138.548,0.422742,4.55761,algebraic,ELLIPSE,4.59266
788,1,1693.08,929.556,138.708,0.325095,4.64851,algebraic,NONE,3.47704
789,1,447.559,674.755,137.507,0.835199,5.3447,algebraic,ELLIPSE,3.47143
790,1,3245.08,1669.56,138.708,0.325095,4.64849,algebraic,NONE,3.88709
791,1,1102.08,1583.56,138.708,0.325095,4.64851,algebraic,NONE,3.49193
792,1,2680.08,528.556,138.708,0.325095,4.64849,algebraic,SQUARE,3.64971
793,1,3443.87,461.353,138.162,1.24022,4.35503,algebraic,SQUARE,3.39283
794,1,1837.53,1793.57,137.773,0.619691,5.5901,algebraic,VERTICAL_WIRE,3.72047
795,1,339.456,1141.59,138.435,0.509567,4.62339,algebraic,CIRCLE,4.28756
796,1,1372.08,728.556,138.708,0.325095,4.64851,algebraic,NONE,3.8392
797,1,527.288,1647.77,138.108,0.688667,5.06427,algebraic,CIRCLE,4.13399
798,1,1476.08,1450.39,137.944,0.628691,4.39023,algebraic,ELLIPSE,4.09805
799,1,853.081,736.601,137.954,0.746508,4.98516,algebraic,ELLIPSE,3.81755
800,1,2139.08,1550.56,138.708,0.325095,4.64849,algebraic,NONE,4.80194
801,1,1989.83,1655.91,138.398,0.353036,5.04797,algebraic,ELLIPSE,3.62461
802,1,2032.49,1402.54,138.475,1.00479,4.57035,algebraic,ELLIPSE,3.63729
803,1,2527.32,894.107,138.173,1.0398,4.43807,algebraic,SQUARE,4.80666
804,1,860.076,611.556,138.708,0.325095,4.64851,algebraic,SQUARE,3.61978
805,1,1060.08,1917.56,138.708,0.325095,4.64851,algebraic,CIRCLE,5.3793
806,1,2306.38,1252.91,138.208,1.06901,5.17435,algebraic,SQUARE,3.53113
807,1,527.076,1259.56,138.708,0.325095,4.64851,algebraic,CIRCLE,3.63972
808,1,3211.08,701.556,138.708,0.325095,4.64849,algebraic,ELLIPSE,4.29492
809,1,2301.29,1841.69,132.219,0.849058,9.68554,algebraic,ELLIPSE,3.83689
810,1,1633.08,1252.56,138.708,0.325095,4.64851,algebraic,NONE,3.61633
811,1,2411.08,1427.56,138.708,0.325095,4.64849,algebraic,CIRCLE,4.00738
812,1,2261.21,497.987,137.144,0.850559,5.71461,algebraic,VERTICAL_WIRE,4.19602
813,1,2676.08,271.556,138.708,0.325095,4.64852,algebraic,CIRCLE,3.4469
814,1,795.129,1796.63,137.877,0.353848,4.99374,algebraic,CIRCLE,3.93023
815,1,2264.08,313.556,138.708,0.325095,4.64852,algebraic,NONE,3.47953
816,1,1524.4,774.899,136.32,0.379984,6.07933,algebraic,CIRCLE,3.62279
817,1,525.076,1056.56,138.708,0.325095,4.64851,algebraic,NONE,4.63029
818,1,1966.08,1792.56,138.708,0.325095,4.64851,algebraic,NONE,4.04894
819,1,2328.27,977.224,133.756,28.4719,8.51797,ransac,VERTICAL_WIRE,4.02252
820,1,1821.08,1416.56,138.708,0.325095,4.64851,algebraic,NONE,4.46977
821,1,1998.08,736.556,138.708,0.325095,4.64851,algebraic,SQUARE,3.69342
822,1,2252.03,1404.59,142.527,3.11774,8.34766,ransac,VERTICAL_WIRE,3.88373
823,1,2904.08,959.556,138.708,0.325095,4.64849,algebraic,SQUARE,4.37992
824,1,192.076,1302.56,138.708,0.325095,4.64851,algebraic,NONE,3.63537
825,0,-1,-1,-1,-1,-1,none,CIRCLE,3.75461
826,1,466.635,422.469,138.42,1.107,4.6732,algebraic,ELLIPSE,3.42848
827,1,277.22,1613.52,137.255,2.1289,3.08172,ransac,VERTICAL_WIRE,4.11526
828,1,1147.12,298.456,138.634,0.381006,4.5418,algebraic,ELLIPSE,3.99419
829,1,2288.96,216.378,138.705,0.354656,4.49975,algebraic,ELLIPSE,3.56719
830,1,1579.05,1507.95,137.83,0.789184,5.31736,algebraic,ELLIPSE,4.04146
831,1,3559.6,693.933,137.285,0.844412,4.60552,algebraic,VERTICAL_WIRE,4.87914
832,1,1086.8,1714.58,138.502,0.537896,4.73911,algebraic,ELLIPSE,4.28992
833,1,772.076,1844.56,138.708,0.325095,4.64851,algebraic,NONE,3.68168
834,1,369.076,1616.56,138.708,0.325095,4.64851,algebraic,SQUARE,4.32006
835,1,261.076,1598.56,138.708,0.325095,4.64851,algebraic,NONE,3.37386
836,1,2140.08,869.556,138.708,0.325095,4.64849,algebraic,CIRCLE,4.09918
837,1,2372.08,1054.56,138.708,0.325095,4.64849,algebraic,SQUARE,3.85941
838,1,1188.08,971.556,138.708,0.325095,4.64851,algebraic,NONE,3.80474
839,1,1297.68,1798.56,138.495,0.836662,4.75124,algebraic,ELLIPSE,3.66193
840,1,2823.96,1499.6,138.636,0.400509,4.71948,algebraic,CIRCLE,4.18198
841,1,2255.84,377.199,133.163,1.30469,10.6762,algebraic,VERTICAL_WIRE,4.18698
842,1,2472.08,268.556,138.708,0.325095,4.64852,algebraic,NONE,3.71828
843,1,2119.6,614.148,136.404,0.656472,5.36497,algebraic,VERTICAL_WIRE,4.17277
844,1,1415.08,330.556,138.708,0.325095,4.64854,algebraic,SQUARE,3.54359
845,1,1930.08,1859.56,138.708,0.325095,4.64851,algebraic,NONE,4.3625
846,1,2148.08,1947.56,138.708,0.325095,4.64849,algebraic,ELLIPSE,4.12661
847,1,3526.08,1204.56,138.708,0.325095,4.64849,algebraic,SQUARE,4.76964
848,1,422.016,1949.71,136.973,1.69221,2.70549,algebraic,VERTICAL_WIRE,3.55707
849,1,2213.08,1118.56,138.708,0.325095,4.64849,algebraic,NONE,4.45565
850,0,-1,-1,-1,-1,-1,none,CIRCLE,3.56365
851,1,2454.99,1083.67,137.895,0.661811,5.08076,algebraic,CIRCLE,4.1198
852,1,1089.66,1561.16,138.108,0.513295,4.175,algebraic,ELLIPSE,3.40494
853,1,536.076,1259.56,138.708,0.325095,4.64851,algebraic,NONE,3.72205
854,1,1255.46,211.64,138.495,0.917023,4.67064,algebraic,SQUARE,4.43584
855,1,514.076,1588.56,138.708,0.325095,4.64851,algebraic,SQUARE,4.04716
856,1,651.254,1485.09,136.757,0.761733,5.24633,algebraic,VERTICAL_WIRE,3.93382
857,1,2690.08,1963.56,138.708,0.325095,4.64849,algebraic,SQUARE,3.64564
858,1,1848.08,1784.56,138.708,0.325095,4.64851,algebraic,SQUARE,4.77962
859,1,2018.92,1126.58,138.614,0.415069,4.70426,algebraic,SQUARE,3.52587
860,0,-1,-1,-1,-1,-1,none,CIRCLE,4.06171
861,1,868.076,229.556,138.708,0.325095,4.64854,algebraic,SQUARE,3.89391
862,1,449.418,347.825,137.344,0.69177,3.84761,algebraic,VERTICAL_WIRE,3.65036
863,1,2903.08,1740.56,138.708,0.325095,4.64849,algebraic,NONE,5.40266
864,1,1773.82,996.927,138.462,0.527879,5.06676,algebraic,ELLIPSE,3.54287
865,1,3584.08,1824.56,138.708,0.325095,4.64849,algebraic,NONE,3.90833
866,1,1989.66,534.062,137.39,0.872253,4.11619,algebraic,ELLIPSE,3.77999
867,1,3597.08,336.556,138.708,0.325095,4.64852,algebraic,NONE,4.28646
868,0,-1,-1,-1,-1,-1,none,ELLIPSE,3.73647
869,1,3572.08,1877.56,138.708,0.325095,4.64849,algebraic,SQUARE,3.85504
870,1,472.076,567.556,138.708,0.325095,4.64851,algebraic,SQUARE,3.56496
871,1,3194.08,1612.56,138.708,0.325095,4.64849,algebraic,NONE,4.32397
872,1,2605.66,601.777,138.388,0.649874,4.96069,algebraic,CIRCLE,3.49693
873,1,2863.45,496.77,138.34,1.64283,5.01709,algebraic,ELLIPSE,4.35423
874,1,2878.76,1147.66,138.537,0.714741,4.81866,algebraic,SQUARE,3.65326
875,1,2137.08,450.556,138.708,0.325095,4.64852,algebraic,SQUARE,4.28093
876,0,-1,-1,-1,-1,-1,none,ELLIPSE,4.03798
877,1,3133.8,637.501,138.56,0.756334,4.65787,algebraic,SQUARE,4.1167
878,1,2199.4,610.178,141.074,2.36876,4.10718,ransac,VERTICAL_WIRE,3.50464
879,1,1686.98,339.547,138.652,0.397709,4.6591,algebraic,ELLIPSE,4.03391
880,1,3083.07,1956.96,135.742,1.81814,6.31485,algebraic,VERTICAL_WIRE,4.2595
881,1,374.173,1611.08,135.438,1.00921,8.07937,algebraic,VERTICAL_WIRE,3.92805
882,1,1754.08,1651.56,138.708,0.325095,4.64851,algebraic,CIRCLE,4.93511
883,1,1140.77,1101.48,137.658,0.624028,5.00627,algebraic,CIRCLE,3.45737
884,1,1174.04,1030.3,137.187,0.975021,4.42251,algebraic,ELLIPSE,3.97313
885,1,2954.08,1866.56,138.708,0.325095,4.64849,algebraic,SQUARE,3.60464
886,1,1728.19,1958.94,137.94,0.796017,5.26235,algebraic,VERTICAL_WIRE,3.76812
887,1,3250.08,1434.56,138.708,0.325095,4.64849,algebraic,ELLIPSE,3.76283
888,1,2703.08,1969.56,138.708,0.325095,4.64849,algebraic,SQUARE,4.60871
889,1,3405.08,1588.56,138.708,0.325095,4.64849,algebraic,SQUARE,3.56678
890,1,1602.88,1269.11,135.749,1.0307,1.11902,algebraic,VERTICAL_WIRE,3.92139
891,1,3034.1,706.602,134.569,1.42974,0.411601,algebraic,VERTICAL_WIRE,3.94552
892,1,1251.08,405.556,138.708,0.325095,4.64854,algebraic,NONE,3.9801
893,1,1546.88,1976.37,137.352,1.03819,4.45538,algebraic,VERTICAL_WIRE,3.9329
894,1,2272.08,1148.56,138.708,0.325095,4.64849,algebraic,SQUARE,3.77584
895,0,-1,-1,-1,-1,-1,none,CIRCLE,4.16587
896,1,231.557,706.38,138.382,0.767626,4.40243,algebraic,SQUARE,3.94982
897,1,363.845,461.263,135.457,1.7167,1.18464,algebraic,VERTICAL_WIRE,4.08678
898,1,1298.57,1331.85,138.347,0.742044,5.05605,algebraic,SQUARE,4.19233
899,1,2360.08,620.556,138.708,0.325095,4.64849,algebraic,SQUARE,3.67389
900,1,2194.91,1342.35,137.76,0.782902,4.8279,algebraic,ELLIPSE,3.92034
901,1,849.076,583.556,138.708,0.325095,4.64851,algebraic,SQUARE,3.99736
902,1,1613.08,970.556,138.708,0.325095,4.64851,algebraic,SQUARE,4.30445
903,1,1349.08,1684.56,138.708,0.325095,4.64851,algebraic,SQUARE,3.79685
904,1,2591.57,456.784,133.373,1.23035,9.15241,algebraic,VERTICAL_WIRE,4.38719
905,1,1577.08,1088.56,138.708,0.325095,4.64851,algebraic,NONE,4.43718
906,1,1269.64,1047.69,138.124,27.351,4.88367,ransac,VERTICAL_WIRE,4.235
907,1,2442.9,1388.75,138.09,0.632126,4.7465,algebraic,CIRCLE,3.92398
908,1,1171.72,534.562,138.399,0.398422,4.73762,algebraic,CIRCLE,4.0391
909,1,274.177,517.185,136.027,0.29646,6.44147,algebraic,ELLIPSE,4.32403
910,1,2134.51,1681.74,138.454,0.944805,4.77009,algebraic,ELLIPSE,3.6965
911,1,1247.08,1614.56,138.708,0.325095,4.64851,algebraic,SQUARE,3.88371
912,1,2586.71,238.486,138.473,0.888468,4.66736,algebraic,SQUARE,3.64801
913,1,1669.08,224.556,138.708,0.325095,4.64854,algebraic,NONE,4.08556
914,1,2127.08,641.556,138.708,0.325095,4.64849,algebraic,NONE,4.16512
915,1,340.506,1935.69,138.409,0.596513,4.72004,algebraic,CIRCLE,3.61283
916,1,3379.47,734.755,136.66,1.17441,5.92287,algebraic,VERTICAL_WIRE,3.73078
917,1,1994.74,1849.6,138.53,0.833349,4.76923,algebraic,SQUARE,4.57711
918,1,1377.56,896.861,136.744,0.489145,7.01055,algebraic,ELLIPSE,4.03823
919,1,1874.08,1487.56,138.708,0.325095,4.64851,algebraic,CIRCLE,3.51139
920,1,1583.17,376.585,136.875,0.388592,4.73031,algebraic,CIRCLE,3.60626
921,1,1351.92,1635.78,136.749,1.20891,4.87307,algebraic,VERTICAL_WIRE,3.62272
922,1,1596.08,1832.56,138.708,0.325095,4.64851,algebraic,CIRCLE,3.44187
923,1,2516.08,1898.56,138.708,0.325095,4.64849,algebraic,SQUARE,3.55481
924,1,2594.08,423.556,138.708,0.325095,4.64852,algebraic,SQUARE,3.91249
925,1,1207.99,739.451,140.409,2.74813,5.99304,ransac,SQUARE,3.58101
926,1,841.076,308.556,138.708,0.325095,4.64854,algebraic,NONE,3.9131
927,1,3644.6,233.495,135.622,1.12445,4.21601,algebraic,VERTICAL_WIRE,7.4594
928,1,1064.08,1061.56,138.708,0.325095,4.64851,algebraic,SQUARE,4.43773
929,1,2192.08,1319.56,138.708,0.325095,4.64849,algebraic,SQUARE,3.77171
930,1,192.076,520.556,138.708,0.325095,4.64851,algebraic,NONE,4.38991
931,1,1945.08,1271.56,138.708,0.325095,4.64851,algebraic,NONE,3.7408
932,1,2540.08,189.556,138.708,0.325095,4.64852,algebraic,NONE,3.9349
933,1,1663.08,470.556,138.708,0.325095,4.64854,algebraic,NONE,4.14642
934,1,2001.08,1481.56,138.708,0.325095,4.64851,algebraic,SQUARE,3.98502
935,1,2049.08,865.556,138.708,0.325095,4.64849,algebraic,SQUARE,4.03938
936,1,1778.08,472.556,138.708,0.325095,4.64854,algebraic,SQUARE,3.64209
937,1,3150.86,1415.95,137.992,1.01825,4.95375,algebraic,VERTICAL_WIRE,4.00913
938,1,2991.4,1225.74,136.68,0.589594,4.9416,algebraic,ELLIPSE,3.49112
939,1,3570.08,283.556,138.708,0.325095,4.64852,algebraic,SQUARE,4.45016
940,1,1620.45,1020.09,129.416,0.373676,7.78931,algebraic,ELLIPSE,3.72647
941,1,493.299,1012.94,138.045,0.998266,5.2245,algebraic,VERTICAL_WIRE,3.55978
942,1,482.343,1241.01,137.607,2.02693,5.27597,ransac,VERTICAL_WIRE,5.35068
943,1,255.017,518.702,138,0.708508,4.70157,algebraic,ELLIPSE,4.18614
944,1,1398.08,642.556,138.708,0.325095,4.64851,algebraic,SQUARE,3.87554
945,1,1354.99,1694.16,134.031,0.345758,7.92166,algebraic,CIRCLE,3.71911
946,1,316.898,369.754,137.037,0.29018,4.83845,algebraic,CIRCLE,4.23536
947,1,2437.08,1560.56,138.708,0.325095,4.64849,algebraic,CIRCLE,3.6832
948,1,2682.46,1246.46,138.417,0.462033,4.48937,algebraic,CIRCLE,4.0166
949,1,1937.08,1980.56,138.708,0.325095,4.64851,algebraic,NONE,4.52518
950,1,243.076,943.556,138.708,0.325095,4.64851,algebraic,SQUARE,4.31609
951,1,3159.08,1651.56,138.708,0.325095,4.64849,algebraic,SQUARE,3.65283
952,1,2185.84,1767.86,138.509,0.656823,4.99735,algebraic,ELLIPSE,3.93638
953,1,1044.08,1405.56,138.708,0.325095,4.64851,algebraic,SQUARE,4.09443
954,1,671.076,639.556,138.708,0.325095,4.64851,algebraic,NONE,3.74024
955,1,1272.53,1483.27,138.025,0.774019,5.29227,algebraic,VERTICAL_WIRE,4.29522
956,1,563.773,397.483,138.515,0.671638,4.64826,algebraic,SQUARE,4.18645
957,1,2027.08,492.556,138.708,0.325095,4.64854,algebraic,NONE,3.59921
958,0,-1,-1,-1,-1,-1,none,CIRCLE,3.49322
959,1,1598.36,1533.82,134.49,2.08256,9.51465,ransac,SQUARE,3.30172
960,1,2761.08,517.556,138.708,0.325095,4.64849,algebraic,SQUARE,4.39248
961,1,2149.56,1270.11,135.755,0.443332,7.12851,algebraic,ELLIPSE,4.89702
962,1,2311.93,1372.79,136.915,0.359755,6.87102,algebraic,VERTICAL_WIRE,3.69077
963,1,2390.08,1634.56,138.708,0.325095,4.64849,algebraic,NONE,3.46322
964,1,2970.07,1040.4,135.901,1.19605,3.97718,algebraic,VERTICAL_WIRE,3.88501
965,1,3512.96,565.512,136.164,1.32536,6.05522,algebraic,VERTICAL_WIRE,3.7702
966,1,2667.08,1400.56,138.708,0.325095,4.64849,algebraic,SQUARE,4.17311
967,1,1536.89,232.48,136.254,1.62752,6.07938,algebraic,VERTICAL_WIRE,3.89743
968,1,3124.54,1816.66,138.441,1.09816,4.68183,algebraic,ELLIPSE,4.04946
969,1,2849.54,1197.69,135.177,0.572677,8.69818,algebraic,VERTICAL_WIRE,4.57916
970,1,3149.08,1738.56,138.708,0.325095,4.64849,algebraic,CIRCLE,3.83408
971,1,583.076,1979.56,138.708,0.325095,4.64851,algebraic,NONE,4.36213
972,1,1795.08,537.556,138.708,0.325095,4.64851,algebraic,NONE,3.82057
973,1,1827.16,1347.36,135.063,0.977667,0.389322,algebraic,VERTICAL_WIRE,4.69024
974,1,329.67,875.271,136.601,1.05482,6.23483,algebraic,VERTICAL_WIRE,4.28392
975,1,1355.08,1476.56,138.708,0.325095,4.64851,algebraic,SQUARE,3.88049
976,1,1226.08,592.556,138.708,0.325095,4.64851,algebraic,SQUARE,4.34398
977,1,3137.08,1252.56,138.708,0.325095,4.64849,algebraic,SQUARE,3.54373
978,1,2809.6,1496.54,136.113,1.41235,5.23393,algebraic,ELLIPSE,3.54847
979,1,2014.83,271.63,137.105,0.897328,6.73241,algebraic,ELLIPSE,3.82435
980,1,2014.14,1751.3,135.032,1.02345,0.333073,algebraic,VERTICAL_WIRE,3.67074
981,1,2593.57,1135.15,136.479,0.765852,5.38117,algebraic,ELLIPSE,4.56396
982,1,517.076,1821.56,138.708,0.325095,4.64851,algebraic,NONE,3.5365
983,1,1433.4,304.678,138.522,0.78029,4.71589,algebraic,ELLIPSE,3.92212
984,1,2678.08,533.556,138.708,0.325095,4.64849,algebraic,CIRCLE,3.54354
985,0,-1,-1,-1,-1,-1,none,CIRCLE,3.75808
986,0,-1,-1,-1,-1,-1,none,CIRCLE,3.57027
987,1,1000.08,248.556,138.708,0.325095,4.64854,algebraic,CIRCLE,3.73496
988,0,-1,-1,-1,-1,-1,none,ELLIPSE,3.44584
989,1,761.28,1234.36,137.512,1.25442,3.77802,algebraic,VERTICAL_WIRE,3.82393
990,1,3528.8,1970.75,134.29,1.04787,5.88044,algebraic,VERTICAL_WIRE,4.15463
991,1,3526.08,1505.56,138.708,0.325095,4.64849,algebraic,NONE,3.61394
992,1,238.076,1018.56,138.708,0.325095,4.64851,algebraic,ELLIPSE,4.09574
993,1,1234.59,410.451,138.407,1.20156,4.66944,algebraic,SQUARE,3.92261
994,1,3042.08,1183.56,138.708,0.325095,4.64849,algebraic,CIRCLE,3.91472
995,1,416.076,1753.56,138.708,0.325095,4.64851,algebraic,NONE,4.13002
996,1,1378.08,1803.56,138.708,0.325095,4.64851,algebraic,NONE,3.77361
997,1,1946.08,1169.56,138.708,0.325095,4.64851,algebraic,ELLIPSE,3.59435
998,1,2479.19,1894.19,138.596,30.0068,5.25408,ransac,VERTICAL_WIRE,4.11487
999,1,1579.95,408.428,137.939,0.476066,4.42874,algebraic,ELLIPSE,3.81438
1000,1,2502.08,1906.56,138.708,0.325095,4.64849,algebraic,ELLIPSE,4.17585
